DATE,DTWEXB
2008-02-25,97.6823
2008-02-26,97.2437
2008-02-27,96.4472
2008-02-28,96.1142
2008-02-29,96.2463
2008-03-03,96.3108
2008-03-04,96.3556
2008-03-05,96.2049
2008-03-06,95.9838
2008-03-07,96.1980
2008-03-10,96.2207
2008-03-11,96.2437
2008-03-12,95.8072
2008-03-13,95.4641
2008-03-14,95.5097
2008-03-17,95.3837
2008-03-18,95.1578
2008-03-19,95.5937
2008-03-20,96.3193
2008-03-21,96.1977
2008-03-24,96.3138
2008-03-25,95.8168
2008-03-26,95.5194
2008-03-27,95.4174
2008-03-28,95.5844
2008-03-31,95.6180
2008-04-01,95.9567
2008-04-02,95.8506
2008-04-03,95.6213
2008-04-04,95.4768
2008-04-07,95.5514
2008-04-08,95.6744
2008-04-09,95.5054
2008-04-10,95.4125
2008-04-11,95.4136
2008-04-14,95.2658
2008-04-15,95.3946
2008-04-16,94.8368
2008-04-17,95.0419
2008-04-18,95.5241
2008-04-21,95.2624
2008-04-22,94.8838
2008-04-23,95.3093
2008-04-24,95.6675
2008-04-25,95.8088
2008-04-28,95.7402
2008-04-29,95.8269
2008-04-30,95.8716
2008-05-01,96.0894
2008-05-02,96.2039
2008-05-05,96.0290
2008-05-06,95.8274
2008-05-07,96.3432
2008-05-08,96.4597
2008-05-09,96.2480
2008-05-12,96.0509
2008-05-13,96.1530
2008-05-14,96.4109
2008-05-15,96.2170
2008-05-16,95.7949
2008-05-19,95.8250
2008-05-20,95.5811
2008-05-21,95.1528
2008-05-22,95.3158
2008-05-23,95.1835
2008-05-26,95.1842
2008-05-27,95.4470
2008-05-28,95.4969
2008-05-29,95.5691
2008-05-30,95.5460
2008-06-02,95.5903
2008-06-03,95.7988
2008-06-04,96.0794
2008-06-05,96.0649
2008-06-06,95.7722
2008-06-09,95.8822
2008-06-10,96.4379
2008-06-11,96.1665
2008-06-12,96.5805
2008-06-13,96.7274
2008-06-16,96.3552
2008-06-17,96.1432
2008-06-18,96.1242
2008-06-19,96.0285
2008-06-20,95.8477
2008-06-23,96.1627
2008-06-24,95.9142
2008-06-25,96.0051
2008-06-26,95.6373
2008-06-27,95.5967
2008-06-30,95.7067
2008-07-01,95.7894
2008-07-02,95.4099
2008-07-03,95.8105
2008-07-04,95.8046
2008-07-07,95.8957
2008-07-08,95.8836
2008-07-09,95.4364
2008-07-10,95.3930
2008-07-11,95.0963
2008-07-14,94.9932
2008-07-15,94.7307
2008-07-16,94.7750
2008-07-17,94.8096
2008-07-18,94.9485
2008-07-21,94.9127
2008-07-22,95.0738
2008-07-23,95.1654
2008-07-24,95.2830
2008-07-25,95.2692
2008-07-28,95.3444
2008-07-29,95.6845
2008-07-30,95.6982
2008-07-31,95.7437
2008-08-01,95.7152
2008-08-04,95.9451
2008-08-05,96.2103
2008-08-06,96.4862
2008-08-07,96.7696
2008-08-08,97.8007
2008-08-11,97.9442
2008-08-12,98.0951
2008-08-13,98.1834
2008-08-14,98.2496
2008-08-15,98.6276
2008-08-18,98.4967
2008-08-19,98.5519
2008-08-20,98.5828
2008-08-21,97.7997
2008-08-22,98.1248
2008-08-25,98.2278
2008-08-26,98.5711
2008-08-27,98.5207
2008-08-28,98.7205
2008-08-29,98.9213
2008-09-01,98.9461
2008-09-02,99.7202
2008-09-03,99.7551
2008-09-04,100.0726
2008-09-05,100.2366
2008-09-08,100.5080
2008-09-09,100.4484
2008-09-10,100.9868
2008-09-11,101.3669
2008-09-12,100.3276
2008-09-15,100.6663
2008-09-16,100.9731
2008-09-17,100.9787
2008-09-18,100.6613
2008-09-19,99.9859
2008-09-22,99.0844
2008-09-23,99.0884
2008-09-24,99.4498
2008-09-25,99.4431
2008-09-26,99.7041
2008-09-29,100.4117
2008-09-30,101.3187
2008-10-01,101.5044
2008-10-02,102.3529
2008-10-03,102.5307
2008-10-06,104.1110
2008-10-07,104.4729
2008-10-08,105.9456
2008-10-09,105.4452
2008-10-10,106.8422
2008-10-13,106.7927
2008-10-14,105.0914
2008-10-15,106.0387
2008-10-16,107.2678
2008-10-17,106.6205
2008-10-20,106.9987
2008-10-21,108.2138
2008-10-22,109.9725
2008-10-23,109.8424
2008-10-24,110.4953
2008-10-27,111.0031
2008-10-28,111.1277
2008-10-29,108.9556
2008-10-30,108.1531
2008-10-31,108.5093
2008-11-03,108.1724
2008-11-04,106.8336
2008-11-05,106.8913
2008-11-06,108.3123
2008-11-07,108.1512
2008-11-10,108.3149
2008-11-11,108.3149
2008-11-12,109.8499
2008-11-13,110.4521
2008-11-14,109.6657
2008-11-17,109.8340
2008-11-18,110.1558
2008-11-19,110.6487
2008-11-20,111.9536
2008-11-21,112.3345
2008-11-24,110.3567
2008-11-25,109.6483
2008-11-26,110.0524
2008-11-27,110.0524
2008-11-28,110.4543
2008-12-01,110.9709
2008-12-02,110.7892
2008-12-03,111.1818
2008-12-04,110.8583
2008-12-05,112.2029
2008-12-08,110.4748
2008-12-09,110.4371
2008-12-10,109.9673
2008-12-11,108.1925
2008-12-12,108.9684
2008-12-15,107.7979
2008-12-16,107.1843
2008-12-17,105.5184
2008-12-18,105.5025
2008-12-19,106.7291
2008-12-22,106.8177
2008-12-23,106.9487
2008-12-24,106.8843
2008-12-25,106.9014
2008-12-26,106.9161
2008-12-29,106.5679
2008-12-30,106.9574
2008-12-31,107.2858
2009-01-01,.
2009-01-02,107.2648
2009-01-05,107.6130
2009-01-06,107.5342
2009-01-07,106.8397
2009-01-08,107.0915
2009-01-09,107.6396
2009-01-12,108.3026
2009-01-13,109.0091
2009-01-14,109.4115
2009-01-15,110.1257
2009-01-16,109.3792
2009-01-19,.
2009-01-20,.
2009-01-21,110.6039
2009-01-22,110.3770
2009-01-23,110.6597
2009-01-26,109.6245
2009-01-27,109.8420
2009-01-28,109.2451
2009-01-29,110.0318
2009-01-30,110.8183
2009-02-02,111.2178
2009-02-03,110.6007
2009-02-04,110.6360
2009-02-05,110.7053
2009-02-06,110.4970
2009-02-09,109.7724
2009-02-10,110.4529
2009-02-11,110.9517
2009-02-12,111.2952
2009-02-13,111.0241
2009-02-16,.
2009-02-17,112.5077
2009-02-18,112.8121
2009-02-19,112.5783
2009-02-20,112.9022
2009-02-23,112.6322
2009-02-24,112.8933
2009-02-25,113.1976
2009-02-26,113.1080
2009-02-27,113.8341
2009-03-02,114.8524
2009-03-03,114.9002
2009-03-04,114.3734
2009-03-05,114.7097
2009-03-06,114.2846
2009-03-09,114.8466
2009-03-10,113.9304
2009-03-11,113.6273
2009-03-12,113.6624
2009-03-13,112.9081
2009-03-16,111.9671
2009-03-17,111.9755
2009-03-18,111.7576
2009-03-19,109.2192
2009-03-20,109.8815
2009-03-23,109.9378
2009-03-24,109.8760
2009-03-25,109.7965
2009-03-26,109.8898
2009-03-27,110.5842
2009-03-30,111.4882
2009-03-31,111.1452
2009-04-01,110.8879
2009-04-02,109.6439
2009-04-03,109.4410
2009-04-06,109.6906
2009-04-07,109.7647
2009-04-08,109.6939
2009-04-09,109.5571
2009-04-10,109.5271
2009-04-13,108.9464
2009-04-14,108.6934
2009-04-15,108.9602
2009-04-16,108.8344
2009-04-17,109.3047
2009-04-20,110.1470
2009-04-21,109.9057
2009-04-22,109.8251
2009-04-23,109.7339
2009-04-24,108.7634
2009-04-27,109.4665
2009-04-28,110.0504
2009-04-29,108.7684
2009-04-30,108.8166
2009-05-01,108.7489
2009-05-04,107.8812
2009-05-05,107.5836
2009-05-06,107.6422
2009-05-07,107.2750
2009-05-08,106.8713
2009-05-11,106.4796
2009-05-12,106.5494
2009-05-13,106.7420
2009-05-14,106.8646
2009-05-15,106.8176
2009-05-18,106.6895
2009-05-19,106.0394
2009-05-20,105.3618
2009-05-21,105.4097
2009-05-22,104.7039
2009-05-25,.
2009-05-26,104.8673
2009-05-27,104.8610
2009-05-28,105.0291
2009-05-29,104.1933
2009-06-01,103.7542
2009-06-02,103.6277
2009-06-03,104.0094
2009-06-04,104.2257
2009-06-05,104.9442
2009-06-08,105.5674
2009-06-09,104.9198
2009-06-10,105.0817
2009-06-11,104.4911
2009-06-12,104.7937
2009-06-15,105.6744
2009-06-16,105.1827
2009-06-17,105.5546
2009-06-18,105.0784
2009-06-19,104.9816
2009-06-22,105.7867
2009-06-23,105.4410
2009-06-24,105.1491
2009-06-25,105.6029
2009-06-26,105.1024
2009-06-29,105.1542
2009-06-30,105.2623
2009-07-01,104.5734
2009-07-02,105.2082
2009-07-03,.
2009-07-06,105.4828
2009-07-07,105.4965
2009-07-08,105.8452
2009-07-09,105.5011
2009-07-10,105.9660
2009-07-13,105.9265
2009-07-14,105.5944
2009-07-15,104.7508
2009-07-16,104.6632
2009-07-17,104.5266
2009-07-20,104.0198
2009-07-21,103.9649
2009-07-22,103.8034
2009-07-23,103.4885
2009-07-24,103.6444
2009-07-27,103.6132
2009-07-28,103.5025
2009-07-29,104.0988
2009-07-30,103.8394
2009-07-31,103.2174
2009-08-03,102.6308
2009-08-04,102.7190
2009-08-05,102.7797
2009-08-06,102.9107
2009-08-07,103.4323
2009-08-10,103.5622
2009-08-11,103.8209
2009-08-12,103.5171
2009-08-13,103.2008
2009-08-14,103.4156
2009-08-17,104.0329
2009-08-18,104.0368
2009-08-19,103.3714
2009-08-20,103.2990
2009-08-21,102.9670
2009-08-24,102.8857
2009-08-25,102.8696
2009-08-26,103.7867
2009-08-27,103.7221
2009-08-28,103.3962
2009-08-31,103.5586
2009-09-01,104.1379
2009-09-02,104.0840
2009-09-03,103.8902
2009-09-04,103.5183
2009-09-07,.
2009-09-08,102.6781
2009-09-09,102.6341
2009-09-10,102.6440
2009-09-11,102.2569
2009-09-14,102.5451
2009-09-15,102.3585
2009-09-16,101.8076
2009-09-17,101.7364
2009-09-18,101.9991
2009-09-21,102.2273
2009-09-22,101.7514
2009-09-23,101.8509
2009-09-24,102.2952
2009-09-25,102.3499
2009-09-28,102.2664
2009-09-29,102.5816
2009-09-30,101.9858
2009-10-01,102.3871
2009-10-02,102.4666
2009-10-05,102.1247
2009-10-06,101.4069
2009-10-07,101.5673
2009-10-08,100.9983
2009-10-09,101.0969
2009-10-12,.
2009-10-13,100.6497
2009-10-14,100.3185
2009-10-15,100.2833
2009-10-16,100.5010
2009-10-19,100.3137
2009-10-20,100.6547
2009-10-21,100.2704
2009-10-22,100.5064
2009-10-23,100.6041
2009-10-26,100.9426
2009-10-27,101.3935
2009-10-28,101.6557
2009-10-29,101.3371
2009-10-30,101.4531
2009-11-02,101.2840
2009-11-03,101.7419
2009-11-04,101.2212
2009-11-05,101.1935
2009-11-06,101.2106
2009-11-09,100.5231
2009-11-10,100.5043
2009-11-11,.
2009-11-12,100.7729
2009-11-13,100.3898
2009-11-16,100.0181
2009-11-17,100.5409
2009-11-18,100.0618
2009-11-19,100.5903
2009-11-20,100.7747
2009-11-23,100.2878
2009-11-24,100.3437
2009-11-25,99.7653
2009-11-26,.
2009-11-27,100.2930
2009-11-30,100.1272
2009-12-01,99.6171
2009-12-02,99.6727
2009-12-03,99.6895
2009-12-04,100.1603
2009-12-07,100.3217
2009-12-08,100.7085
2009-12-09,100.7697
2009-12-10,100.7725
2009-12-11,101.0454
2009-12-14,100.7756
2009-12-15,101.1096
2009-12-16,100.9173
2009-12-17,101.9756
2009-12-18,101.9087
2009-12-21,101.7864
2009-12-22,102.0555
2009-12-23,101.7092
2009-12-24,101.6287
2009-12-25,.
2009-12-28,101.4760
2009-12-29,101.6639
2009-12-30,101.8617
2009-12-31,101.7013
2010-01-01,.
2010-01-04,101.1226
2010-01-05,100.9582
2010-01-06,100.8293
2010-01-07,101.0961
2010-01-08,100.8759
2010-01-11,100.3149
2010-01-12,100.6621
2010-01-13,100.7166
2010-01-14,100.5718
2010-01-15,100.7346
2010-01-18,.
2010-01-19,100.9418
2010-01-20,101.6430
2010-01-21,101.6179
2010-01-22,101.9106
2010-01-25,101.8837
2010-01-26,102.3030
2010-01-27,102.2635
2010-01-28,102.2500
2010-01-29,102.7300
2010-02-01,102.6981
2010-02-02,102.3752
2010-02-03,102.5781
2010-02-04,103.0467
2010-02-05,103.5430
2010-02-08,103.2879
2010-02-09,102.9606
2010-02-10,103.1010
2010-02-11,102.9539
2010-02-12,102.9122
2010-02-15,.
2010-02-16,102.4183
2010-02-17,102.6339
2010-02-18,102.7882
2010-02-19,102.8691
2010-02-22,102.6371
2010-02-23,102.8539
2010-02-24,102.8431
2010-02-25,103.2008
2010-02-26,102.4999
2010-03-01,102.6093
2010-03-02,102.3007
2010-03-03,101.8158
2010-03-04,102.2244
2010-03-05,102.0899
2010-03-08,102.0540
2010-03-09,102.0061
2010-03-10,101.8514
2010-03-11,101.8683
2010-03-12,101.4871
2010-03-15,101.7819
2010-03-16,101.4366
2010-03-17,101.2951
2010-03-18,101.5815
2010-03-19,101.8576
2010-03-22,101.9615
2010-03-23,101.8339
2010-03-24,102.4559
2010-03-25,102.4124
2010-03-26,102.5023
2010-03-29,102.1174
2010-03-30,102.0880
2010-03-31,101.7446
2010-04-01,101.5287
2010-04-02,101.7520
2010-04-05,101.5202
2010-04-06,101.5809
2010-04-07,101.5780
2010-04-08,101.5544
2010-04-09,101.3045
2010-04-12,101.0819
2010-04-13,101.1189
2010-04-14,100.7816
2010-04-15,101.0349
2010-04-16,101.3228
2010-04-19,101.6559
2010-04-20,101.2698
2010-04-21,101.2736
2010-04-22,101.5446
2010-04-23,101.4869
2010-04-26,101.3380
2010-04-27,101.8761
2010-04-28,102.2875
2010-04-29,101.7092
2010-04-30,101.6398
2010-05-03,102.0361
2010-05-04,102.5967
2010-05-05,103.1902
2010-05-06,104.0697
2010-05-07,104.0584
2010-05-10,103.0800
2010-05-11,103.2077
2010-05-12,103.3124
2010-05-13,103.2368
2010-05-14,104.0638
2010-05-17,104.6744
2010-05-18,104.3209
2010-05-19,105.1901
2010-05-20,105.6528
2010-05-21,105.0246
2010-05-24,105.3729
2010-05-25,106.2959
2010-05-26,105.9328
2010-05-27,105.1270
2010-05-28,105.0331
2010-05-31,.
2010-06-01,105.3873
2010-06-02,105.4070
2010-06-03,105.2201
2010-06-04,105.9037
2010-06-07,106.2886
2010-06-08,106.1229
2010-06-09,105.7074
2010-06-10,105.3173
2010-06-11,105.3699
2010-06-14,104.6371
2010-06-15,104.5339
2010-06-16,104.3945
2010-06-17,104.3088
2010-06-18,104.0968
2010-06-21,103.5808
2010-06-22,103.8826
2010-06-23,104.2419
2010-06-24,104.3640
2010-06-25,104.2228
2010-06-28,104.0394
2010-06-29,104.7813
2010-06-30,104.7227
2010-07-01,104.5502
2010-07-02,104.3785
2010-07-05,.
2010-07-06,103.8734
2010-07-07,103.9328
2010-07-08,103.5400
2010-07-09,103.4354
2010-07-12,103.6967
2010-07-13,103.1586
2010-07-14,103.0956
2010-07-15,102.9658
2010-07-16,103.2296
2010-07-19,103.3431
2010-07-20,103.2853
2010-07-21,103.1896
2010-07-22,102.8676
2010-07-23,102.9040
2010-07-26,102.5229
2010-07-27,102.5115
2010-07-28,102.5168
2010-07-29,102.3606
2010-07-30,102.0528
2010-08-02,101.5686
2010-08-03,101.3925
2010-08-04,101.4911
2010-08-05,101.3973
2010-08-06,101.3362
2010-08-09,101.4121
2010-08-10,101.9447
2010-08-11,102.4928
2010-08-12,102.6222
2010-08-13,102.7900
2010-08-16,102.5453
2010-08-17,102.1560
2010-08-18,102.0953
2010-08-19,102.4247
2010-08-20,102.9088
2010-08-23,103.0239
2010-08-24,103.1305
2010-08-25,103.4326
2010-08-26,103.0608
2010-08-27,103.0574
2010-08-30,103.2945
2010-08-31,103.4152
2010-09-01,102.8309
2010-09-02,102.7780
2010-09-03,102.3927
2010-09-06,.
2010-09-07,102.7258
2010-09-08,102.4778
2010-09-09,102.3762
2010-09-10,102.3246
2010-09-13,101.7205
2010-09-14,101.2708
2010-09-15,101.6034
2010-09-16,101.5763
2010-09-17,101.5885
2010-09-20,101.3901
2010-09-21,101.2900
2010-09-22,100.6779
2010-09-23,100.6475
2010-09-24,100.2327
2010-09-27,100.0878
2010-09-28,99.9491
2010-09-29,99.7455
2010-09-30,99.9220
2010-10-01,99.4269
2010-10-04,99.5897
2010-10-05,99.1654
2010-10-06,98.7331
2010-10-07,98.8552
2010-10-08,98.6781
2010-10-11,.
2010-10-12,98.7867
2010-10-13,98.3359
2010-10-14,98.0674
2010-10-15,98.2022
2010-10-18,98.3778
2010-10-19,99.0555
2010-10-20,98.6761
2010-10-21,98.6537
2010-10-22,98.9124
2010-10-25,98.4258
2010-10-26,98.7976
2010-10-27,99.3433
2010-10-28,98.8108
2010-10-29,98.6408
2010-11-01,98.5939
2010-11-02,98.2445
2010-11-03,98.2734
2010-11-04,97.5454
2010-11-05,97.8019
2010-11-08,98.1514
2010-11-09,98.0825
2010-11-10,98.4285
2010-11-11,.
2010-11-12,98.7162
2010-11-15,98.9963
2010-11-16,99.6332
2010-11-17,99.4823
2010-11-18,99.1771
2010-11-19,99.2257
2010-11-22,99.2222
2010-11-23,99.9752
2010-11-24,99.7723
2010-11-25,.
2010-11-26,100.3841
2010-11-29,100.7562
2010-11-30,100.6968
2010-12-01,100.2300
2010-12-02,99.8273
2010-12-03,99.4410
2010-12-06,99.5535
2010-12-07,99.5097
2010-12-08,99.9113
2010-12-09,99.9442
2010-12-10,99.8461
2010-12-13,99.4710
2010-12-14,99.3256
2010-12-15,99.6568
2010-12-16,99.9471
2010-12-17,100.0895
2010-12-20,100.1906
2010-12-21,100.0440
2010-12-22,99.9343
2010-12-23,99.7976
2010-12-24,.
2010-12-27,99.6623
2010-12-28,99.4464
2010-12-29,99.2295
2010-12-30,98.9439
2010-12-31,.
2011-01-03,98.3800
2011-01-04,98.7752
2011-01-05,99.0015
2011-01-06,99.3862
2011-01-07,99.4879
2011-01-10,99.5393
2011-01-11,99.3288
2011-01-12,98.8697
2011-01-13,98.3661
2011-01-14,98.4929
2011-01-17,.
2011-01-18,98.2621
2011-01-19,98.1283
2011-01-20,98.5726
2011-01-21,98.1692
2011-01-24,97.9872
2011-01-25,98.1587
2011-01-26,97.9383
2011-01-27,98.0049
2011-01-28,98.2433
2011-01-31,98.1499
2011-02-01,97.5933
2011-02-02,97.4952
2011-02-03,97.6664
2011-02-04,97.7946
2011-02-07,97.7560
2011-02-08,97.4999
2011-02-09,97.8357
2011-02-10,98.0607
2011-02-11,98.2857
2011-02-14,98.2677
2011-02-15,98.3059
2011-02-16,98.1161
2011-02-17,97.8256
2011-02-18,97.6001
2011-02-21,.
2011-02-22,97.8803
2011-02-23,97.8304
2011-02-24,97.6526
2011-02-25,97.5783
2011-02-28,97.3681
2011-03-01,97.2524
2011-03-02,97.1532
2011-03-03,97.0400
2011-03-04,96.8908
2011-03-07,96.8985
2011-03-08,97.0394
2011-03-09,96.9252
2011-03-10,97.2760
2011-03-11,97.0883
2011-03-14,96.9180
2011-03-15,97.1866
2011-03-16,97.3595
2011-03-17,97.0441
2011-03-18,96.9196
2011-03-21,96.5957
2011-03-22,96.4526
2011-03-23,96.7141
2011-03-24,96.4343
2011-03-25,96.5277
2011-03-28,96.6745
2011-03-29,96.7674
2011-03-30,96.6007
2011-03-31,96.3866
2011-04-01,96.1664
2011-04-04,96.1901
2011-04-05,96.1193
2011-04-06,95.8762
2011-04-07,95.9140
2011-04-08,95.5187
2011-04-11,95.4755
2011-04-12,95.6706
2011-04-13,95.5698
2011-04-14,95.4400
2011-04-15,95.3586
2011-04-18,95.8445
2011-04-19,95.4322
2011-04-20,94.9091
2011-04-21,94.5389
2011-04-22,94.6974
2011-04-25,94.7440
2011-04-26,94.6040
2011-04-27,94.5813
2011-04-28,94.1543
2011-04-29,93.8966
2011-05-02,93.8119
2011-05-03,93.9292
2011-05-04,94.1782
2011-05-05,94.7870
2011-05-06,94.7450
2011-05-09,95.1102
2011-05-10,94.9247
2011-05-11,94.9968
2011-05-12,95.3638
2011-05-13,95.6900
2011-05-16,95.6373
2011-05-17,95.9244
2011-05-18,95.5779
2011-05-19,95.5475
2011-05-20,95.5726
2011-05-23,96.1957
2011-05-24,95.9616
2011-05-25,95.9267
2011-05-26,95.8513
2011-05-27,95.2436
2011-05-30,.
2011-05-31,94.9335
2011-06-01,94.8657
2011-06-02,95.1109
2011-06-03,94.6864
2011-06-06,94.7238
2011-06-07,94.6358
2011-06-08,94.8299
2011-06-09,94.8607
2011-06-10,95.3153
2011-06-13,95.3456
2011-06-14,94.9704
2011-06-15,95.6147
2011-06-16,95.9655
2011-06-17,95.4819
2011-06-20,95.4645
2011-06-21,95.1184
2011-06-22,95.0557
2011-06-23,95.7113
2011-06-24,95.7558
2011-06-27,95.7976
2011-06-28,95.4859
2011-06-29,95.0639
2011-06-30,94.7305
2011-07-01,94.6086
2011-07-04,.
2011-07-05,94.6735
2011-07-06,94.9253
2011-07-07,94.7218
2011-07-08,94.8427
2011-07-11,95.3369
2011-07-12,95.4189
2011-07-13,94.8174
2011-07-14,94.7650
2011-07-15,94.7698
2011-07-18,95.2064
2011-07-19,94.6963
2011-07-20,94.5234
2011-07-21,94.0850
2011-07-22,94.0866
2011-07-25,94.0359
2011-07-26,93.6917
2011-07-27,93.9318
2011-07-28,94.0402
2011-07-29,93.9479
2011-08-01,94.2299
2011-08-02,94.2647
2011-08-03,94.2913
2011-08-04,95.1652
2011-08-05,95.3537
2011-08-08,95.4417
2011-08-09,95.6613
2011-08-10,95.6165
2011-08-11,95.5211
2011-08-12,95.3626
2011-08-15,94.9324
2011-08-16,94.8754
2011-08-17,94.7261
2011-08-18,95.3097
2011-08-19,95.0269
2011-08-22,95.2670
2011-08-23,95.0863
2011-08-24,95.3070
2011-08-25,95.4208
2011-08-26,95.2402
2011-08-29,95.0118
2011-08-30,95.1626
2011-08-31,94.9196
2011-09-01,95.0005
2011-09-02,95.3322
2011-09-05,.
2011-09-06,96.2944
2011-09-07,96.0964
2011-09-08,96.2464
2011-09-09,97.0706
2011-09-12,97.3582
2011-09-13,97.4360
2011-09-14,97.6258
2011-09-15,97.2846
2011-09-16,97.3346
2011-09-19,98.1860
2011-09-20,98.1277
2011-09-21,98.6060
2011-09-22,100.3307
2011-09-23,99.9472
2011-09-26,100.0650
2011-09-27,99.1720
2011-09-28,99.2964
2011-09-29,99.5793
2011-09-30,100.2683
2011-10-03,100.7613
2011-10-04,101.1910
2011-10-05,100.5424
2011-10-06,100.1941
2011-10-07,99.4883
2011-10-10,.
2011-10-11,99.1409
2011-10-12,98.5645
2011-10-13,98.8973
2011-10-14,98.4541
2011-10-17,98.4761
2011-10-18,98.8196
2011-10-19,98.5496
2011-10-20,99.3527
2011-10-21,98.5590
2011-10-24,98.1044
2011-10-25,98.1633
2011-10-26,98.2942
2011-10-27,96.9886
2011-10-28,96.8212
2011-10-31,97.4298
2011-11-01,98.9411
2011-11-02,98.4707
2011-11-03,98.5130
2011-11-04,98.5021
2011-11-07,98.5790
2011-11-08,98.3668
2011-11-09,98.8745
2011-11-10,99.0647
2011-11-11,.
2011-11-14,98.9186
2011-11-15,99.2910
2011-11-16,99.3105
2011-11-17,99.3764
2011-11-18,99.5725
2011-11-21,100.2045
2011-11-22,100.2255
2011-11-23,100.9520
2011-11-24,.
2011-11-25,101.3759
2011-11-28,100.7553
2011-11-29,100.4607
2011-11-30,99.7081
2011-12-01,99.4309
2011-12-02,99.5459
2011-12-05,99.3099
2011-12-06,99.4895
2011-12-07,99.4458
2011-12-08,99.8715
2011-12-09,99.8320
2011-12-12,100.5535
2011-12-13,100.7658
2011-12-14,101.4253
2011-12-15,101.1115
2011-12-16,101.0169
2011-12-19,101.0736
2011-12-20,100.6528
2011-12-21,100.7309
2011-12-22,100.5976
2011-12-23,100.5857
2011-12-26,.
2011-12-27,100.6166
2011-12-28,101.0248
2011-12-29,100.9267
2011-12-30,100.5969
2012-01-02,.
2012-01-03,99.9152
2012-01-04,100.1922
2012-01-05,100.7326
2012-01-06,100.8690
2012-01-09,100.8980
2012-01-10,100.4052
2012-01-11,100.7018
2012-01-12,100.3673
2012-01-13,100.6638
2012-01-16,.
2012-01-17,100.1520
2012-01-18,99.8222
2012-01-19,99.4655
2012-01-20,99.5128
2012-01-23,99.1276
2012-01-24,99.3287
2012-01-25,99.4155
2012-01-26,98.5381
2012-01-27,98.3800
2012-01-30,98.6064
2012-01-31,98.6541
2012-02-01,98.2076
2012-02-02,97.9556
2012-02-03,97.9341
2012-02-06,97.8927
2012-02-07,97.6870
2012-02-08,97.7186
2012-02-09,97.7019
2012-02-10,98.1851
2012-02-13,97.9685
2012-02-14,98.2928
2012-02-15,98.2906
2012-02-16,98.4415
2012-02-17,98.3477
2012-02-20,.
2012-02-21,98.1169
2012-02-22,98.3404
2012-02-23,98.2064
2012-02-24,98.0109
2012-02-27,98.0689
2012-02-28,97.9139
2012-02-29,97.8606
2012-03-01,97.9099
2012-03-02,98.2501
2012-03-05,98.4008
2012-03-06,98.9428
2012-03-07,98.8052
2012-03-08,98.3883
2012-03-09,98.5503
2012-03-12,98.8009
2012-03-13,98.6830
2012-03-14,99.0973
2012-03-15,98.9359
2012-03-16,98.6835
2012-03-19,98.4490
2012-03-20,98.7700
2012-03-21,98.8411
2012-03-22,98.9526
2012-03-23,98.7558
2012-03-26,98.4819
2012-03-27,98.4294
2012-03-28,98.7416
2012-03-29,98.8770
2012-03-30,98.5932
2012-04-02,98.3848
2012-04-03,98.3175
2012-04-04,98.9615
2012-04-05,99.0266
2012-04-06,99.0795
2012-04-09,99.1164
2012-04-10,99.4223
2012-04-11,99.3210
2012-04-12,98.9184
2012-04-13,99.1882
2012-04-16,99.3813
2012-04-17,98.9192
2012-04-18,99.0995
2012-04-19,99.2523
2012-04-20,98.9833
2012-04-23,99.2573
2012-04-24,98.9949
2012-04-25,98.9371
2012-04-26,98.8167
2012-04-27,98.5039
2012-04-30,98.4844
2012-05-01,98.4797
2012-05-02,98.7638
2012-05-03,98.8422
2012-05-04,99.2015
2012-05-07,99.2463
2012-05-08,99.5784
2012-05-09,99.9415
2012-05-10,99.8895
2012-05-11,99.9121
2012-05-14,100.4612
2012-05-15,100.7368
2012-05-16,101.1263
2012-05-17,101.1664
2012-05-18,101.3413
2012-05-21,101.2875
2012-05-22,101.2998
2012-05-23,102.0961
2012-05-24,102.0241
2012-05-25,102.1876
2012-05-28,.
2012-05-29,102.1213
2012-05-30,102.5620
2012-05-31,102.9481
2012-06-01,102.9660
2012-06-04,102.7635
2012-06-05,102.8543
2012-06-06,102.2717
2012-06-07,102.0209
2012-06-08,102.4427
2012-06-11,102.2812
2012-06-12,102.3181
2012-06-13,102.0837
2012-06-14,102.0723
2012-06-15,101.7774
2012-06-18,101.8792
2012-06-19,101.3022
2012-06-20,101.4189
2012-06-21,101.9000
2012-06-22,102.1990
2012-06-25,102.4405
2012-06-26,102.2571
2012-06-27,102.1223
2012-06-28,102.2541
2012-06-29,101.1498
2012-07-02,101.1814
2012-07-03,100.8983
2012-07-04,.
2012-07-05,101.4501
2012-07-06,101.9403
2012-07-09,101.9384
2012-07-10,101.7853
2012-07-11,101.8404
2012-07-12,102.1699
2012-07-13,101.8068
2012-07-16,101.6322
2012-07-17,101.5938
2012-07-18,101.3336
2012-07-19,101.2847
2012-07-20,101.6030
2012-07-23,102.1896
2012-07-24,102.5271
2012-07-25,102.3148
2012-07-26,101.6274
2012-07-27,101.1949
2012-07-30,101.3077
2012-07-31,101.0695
2012-08-01,101.1174
2012-08-02,101.6507
2012-08-03,100.8433
2012-08-06,100.6497
2012-08-07,100.7357
2012-08-08,100.7595
2012-08-09,100.8222
2012-08-10,100.7414
2012-08-13,100.8281
2012-08-14,100.8509
2012-08-15,100.9319
2012-08-16,100.8389
2012-08-17,100.9698
2012-08-20,100.8869
2012-08-21,100.5625
2012-08-22,100.6829
2012-08-23,100.3400
2012-08-24,100.5155
2012-08-27,100.5624
2012-08-28,100.4598
2012-08-29,100.6490
2012-08-30,100.8851
2012-08-31,100.4300
2012-09-03,.
2012-09-04,100.4159
2012-09-05,100.3806
2012-09-06,100.1532
2012-09-07,99.5988
2012-09-10,99.5548
2012-09-11,99.3037
2012-09-12,99.2794
2012-09-13,99.1921
2012-09-14,98.3361
2012-09-17,98.4818
2012-09-18,98.7129
2012-09-19,98.6642
2012-09-20,98.9565
2012-09-21,98.7269
2012-09-24,99.0231
2012-09-25,98.8006
2012-09-26,99.1841
2012-09-27,98.9311
2012-09-28,98.9809
2012-10-01,98.8473
2012-10-02,98.7932
2012-10-03,99.0132
2012-10-04,98.6378
2012-10-05,98.4390
2012-10-08,.
2012-10-09,99.0218
2012-10-10,99.0351
2012-10-11,98.8865
2012-10-12,98.8127
2012-10-15,98.7765
2012-10-16,98.6687
2012-10-17,98.3408
2012-10-18,98.4850
2012-10-19,98.8941
2012-10-22,98.8858
2012-10-23,99.1879
2012-10-24,99.2284
2012-10-25,99.1142
2012-10-26,99.2325
2012-10-29,99.4080
2012-10-30,99.1625
2012-10-31,99.2389
2012-11-01,99.2084
2012-11-02,99.3682
2012-11-05,99.5676
2012-11-06,99.3791
2012-11-07,99.5253
2012-11-08,99.6123
2012-11-09,99.7522
2012-11-12,.
2012-11-13,99.7847
2012-11-14,99.8395
2012-11-15,99.9468
2012-11-16,100.0807
2012-11-19,99.6324
2012-11-20,99.6189
2012-11-21,99.7254
2012-11-22,.
2012-11-23,99.3360
2012-11-26,99.3419
2012-11-27,99.3274
2012-11-28,99.4032
2012-11-29,99.2780
2012-11-30,99.1695
2012-12-03,99.0793
2012-12-04,99.0413
2012-12-05,99.0119
2012-12-06,99.1366
2012-12-07,99.1192
2012-12-10,99.0375
2012-12-11,98.9330
2012-12-12,98.8736
2012-12-13,98.8701
2012-12-14,98.8187
2012-12-17,98.7305
2012-12-18,98.6204
2012-12-19,98.5894
2012-12-20,98.6977
2012-12-21,99.0460
2012-12-24,99.1314
2012-12-25,.
2012-12-26,99.1579
2012-12-27,99.1946
2012-12-28,99.1298
2012-12-31,99.1819
2013-01-01,.
2013-01-02,98.7856
2013-01-03,98.8924
2013-01-04,99.1954
2013-01-07,99.0722
2013-01-08,99.1377
2013-01-09,99.0835
2013-01-10,98.7200
2013-01-11,98.6093
2013-01-14,98.5578
2013-01-15,98.5797
2013-01-16,98.6440
2013-01-17,98.5814
2013-01-18,98.9002
2013-01-21,.
2013-01-22,98.8218
2013-01-23,98.8615
2013-01-24,98.9301
2013-01-25,99.1145
2013-01-28,99.2886
2013-01-29,98.9881
2013-01-30,98.9351
2013-01-31,98.8687
2013-02-01,98.7669
2013-02-04,99.0606
2013-02-05,98.9480
2013-02-06,99.0991
2013-02-07,99.3794
2013-02-08,99.3976
2013-02-11,99.6555
2013-02-12,99.4863
2013-02-13,99.4636
2013-02-14,99.5571
2013-02-15,99.6349
2013-02-18,.
2013-02-19,99.6870
2013-02-20,99.8222
2013-02-21,100.2081
2013-02-22,100.2743
2013-02-25,100.3324
2013-02-26,100.5584
2013-02-27,100.3628
2013-02-28,100.4131
2013-03-01,100.7301
2013-03-04,100.7583
2013-03-05,100.6120
2013-03-06,100.7070
2013-03-07,100.6614
2013-03-08,100.7356
2013-03-11,100.6509
2013-03-12,100.4931
2013-03-13,100.5840
2013-03-14,100.6048
2013-03-15,100.2752
2013-03-18,100.4916
2013-03-19,100.6725
2013-03-20,100.5574
2013-03-21,100.4885
2013-03-22,100.3669
2013-03-25,100.4583
2013-03-26,100.3824
2013-03-27,100.6037
2013-03-28,100.4203
2013-03-29,100.4578
2013-04-01,100.3270
2013-04-02,100.2912
2013-04-03,100.2575
2013-04-04,100.5686
2013-04-05,100.2893
2013-04-08,100.4141
2013-04-09,100.1445
2013-04-10,100.1273
2013-04-11,99.8746
2013-04-12,99.9695
2013-04-15,100.0940
2013-04-16,99.9736
2013-04-17,100.2621
2013-04-18,100.3073
2013-04-19,100.3442
2013-04-22,100.4946
2013-04-23,100.5199
2013-04-24,100.5859
2013-04-25,100.1702
2013-04-26,100.0294
2013-04-29,99.7738
2013-04-30,99.5103
2013-05-01,99.5764
2013-05-02,99.7497
2013-05-03,99.6402
2013-05-06,99.7686
2013-05-07,99.6275
2013-05-08,99.2755
2013-05-09,99.3870
2013-05-10,100.3559
2013-05-13,100.3866
2013-05-14,100.4709
2013-05-15,100.8791
2013-05-16,100.7842
2013-05-17,101.2550
2013-05-20,101.1235
2013-05-21,101.0364
2013-05-22,101.3631
2013-05-23,101.2916
2013-05-24,101.3530
2013-05-27,.
2013-05-28,101.6495
2013-05-29,101.6119
2013-05-30,101.5238
2013-05-31,101.7228
2013-06-03,101.2840
2013-06-04,101.4142
2013-06-05,101.3845
2013-06-06,100.9646
2013-06-07,100.7507
2013-06-10,101.1554
2013-06-11,100.9770
2013-06-12,100.6474
2013-06-13,100.5096
2013-06-14,100.3328
2013-06-17,100.4785
2013-06-18,100.7024
2013-06-19,100.6378
2013-06-20,102.3046
2013-06-21,102.5970
2013-06-24,102.7627
2013-06-25,102.5003
2013-06-26,102.5610
2013-06-27,102.3991
2013-06-28,102.4322
2013-07-01,102.2172
2013-07-02,102.5176
2013-07-03,102.6029
2013-07-04,.
2013-07-05,103.1698
2013-07-08,103.1057
2013-07-09,103.0393
2013-07-10,102.8554
2013-07-11,102.0536
2013-07-12,102.1095
2013-07-15,102.0766
2013-07-16,101.6195
2013-07-17,101.6429
2013-07-18,101.8013
2013-07-19,101.6006
2013-07-22,101.3574
2013-07-23,101.2972
2013-07-24,101.4594
2013-07-25,101.4391
2013-07-26,101.3208
2013-07-29,101.3230
2013-07-30,101.5471
2013-07-31,101.7203
2013-08-01,101.9450
2013-08-02,101.7218
2013-08-05,101.6359
2013-08-06,101.4542
2013-08-07,101.4059
2013-08-08,100.9868
2013-08-09,100.9856
2013-08-12,101.0670
2013-08-13,101.6313
2013-08-14,101.5458
2013-08-15,101.6664
2013-08-16,101.5870
2013-08-19,101.8500
2013-08-20,101.7420
2013-08-21,102.2240
2013-08-22,102.4534
2013-08-23,102.1154
2013-08-26,102.3515
2013-08-27,102.5796
2013-08-28,102.5907
2013-08-29,102.8014
2013-08-30,102.9146
2013-09-02,.
2013-09-03,103.1368
2013-09-04,102.7599
2013-09-05,103.0966
2013-09-06,102.4520
2013-09-09,102.2097
2013-09-10,102.1407
2013-09-11,101.9156
2013-09-12,101.7877
2013-09-13,101.8662
2013-09-16,101.4861
2013-09-17,101.4132
2013-09-18,101.4519
2013-09-19,100.5601
2013-09-20,100.7651
2013-09-23,100.7912
2013-09-24,100.9513
2013-09-25,100.9616
2013-09-26,101.1937
2013-09-27,101.1738
2013-09-30,101.1392
2013-10-01,101.1519
2013-10-02,100.9696
2013-10-03,100.9396
2013-10-04,100.8261
2013-10-07,100.8529
2013-10-08,100.9428
2013-10-09,101.2518
2013-10-10,101.0168
2013-10-11,101.0215
2013-10-14,.
2013-10-15,100.8933
2013-10-16,100.8129
2013-10-17,100.1614
2013-10-18,100.1291
2013-10-21,100.3831
2013-10-22,100.0964
2013-10-23,100.1961
2013-10-24,100.2873
2013-10-25,100.2527
2013-10-28,100.2814
2013-10-29,100.4026
2013-10-30,100.4081
2013-10-31,100.8542
2013-11-01,101.2861
2013-11-04,101.0715
2013-11-05,101.3547
2013-11-06,101.2360
2013-11-07,101.5407
2013-11-08,101.7985
2013-11-11,.
2013-11-12,101.9197
2013-11-13,101.6486
2013-11-14,101.5876
2013-11-15,101.4478
2013-11-18,101.1405
2013-11-19,101.2213
2013-11-20,101.4238
2013-11-21,101.7430
2013-11-22,101.5933
2013-11-25,101.7201
2013-11-26,101.7038
2013-11-27,101.8818
2013-11-28,.
2013-11-29,101.8321
2013-12-02,102.0826
2013-12-03,102.0237
2013-12-04,102.0888
2013-12-05,101.6804
2013-12-06,101.5715
2013-12-09,101.2956
2013-12-10,.
2013-12-11,101.2508
2013-12-12,101.5904
2013-12-13,101.5260
2013-12-16,101.3926
2013-12-17,101.4669
2013-12-18,101.5984
2013-12-19,101.9317
2013-12-20,101.9178
2013-12-23,101.7742
2013-12-24,101.8792
2013-12-25,.
2013-12-26,101.9752
2013-12-27,101.8997
2013-12-30,101.6904
2013-12-31,101.7519
2014-01-01,.
2014-01-02,102.0023
2014-01-03,102.0466
2014-01-06,102.1123
2014-01-07,102.2310
2014-01-08,102.4063
2014-01-09,102.5129
2014-01-10,102.1688
2014-01-13,102.0469
2014-01-14,102.1759
2014-01-15,102.5006
2014-01-16,102.7219
2014-01-17,102.7577
2014-01-20,.
2014-01-21,102.8783
2014-01-22,103.0498
2014-01-23,103.0603
2014-01-24,103.0824
2014-01-27,103.1459
2014-01-28,103.1110
2014-01-29,103.0966
2014-01-30,103.3676
2014-01-31,103.4272
2014-02-03,103.5005
2014-02-04,103.2841
2014-02-05,103.2533
2014-02-06,102.9437
2014-02-07,102.9883
2014-02-10,102.9539
2014-02-11,102.8770
2014-02-12,102.8639
2014-02-13,102.7736
2014-02-14,102.5283
2014-02-17,.
2014-02-18,102.4626
2014-02-19,102.6565
2014-02-20,102.9449
2014-02-21,102.9215
2014-02-24,102.7023
2014-02-25,102.8087
2014-02-26,103.1045
2014-02-27,103.0150
2014-02-28,102.7495
2014-03-03,102.9700
2014-03-04,103.0118
2014-03-05,102.8177
2014-03-06,102.3288
2014-03-07,102.5973
2014-03-10,102.7261
2014-03-11,102.7453
2014-03-12,102.8246
2014-03-13,102.5478
2014-03-14,102.6152
2014-03-17,102.5900
2014-03-18,102.6680
2014-03-19,102.7748
2014-03-20,103.4446
2014-03-21,103.3073
2014-03-24,103.1677
2014-03-25,103.0498
2014-03-26,102.9533
2014-03-27,102.7745
2014-03-28,102.8065
2014-03-31,102.6749
2014-04-01,102.5319
2014-04-02,102.7266
2014-04-03,102.9367
2014-04-04,102.6414
2014-04-07,102.5187
2014-04-08,102.0721
2014-04-09,102.0815
2014-04-10,101.9355
2014-04-11,102.0578
2014-04-14,102.2458
2014-04-15,102.3969
2014-04-16,102.3869
2014-04-17,102.3258
2014-04-18,102.3968
2014-04-21,102.4796
2014-04-22,102.5483
2014-04-23,102.6135
2014-04-24,102.6113
2014-04-25,102.6563
2014-04-28,102.6223
2014-04-29,102.5198
2014-04-30,102.3907
2014-05-01,102.3710
2014-05-02,102.3152
2014-05-05,102.2107
2014-05-06,101.8943
2014-05-07,101.8915
2014-05-08,101.8179
2014-05-09,102.1034
2014-05-12,102.1099
2014-05-13,102.1114
2014-05-14,102.0187
2014-05-15,102.1349
2014-05-16,102.0399
2014-05-19,101.9319
2014-05-20,102.1044
2014-05-21,102.1864
2014-05-22,102.1219
2014-05-23,102.1331
2014-05-26,.
2014-05-27,102.2867
2014-05-28,102.3254
2014-05-29,102.1283
2014-05-30,102.2120
2014-06-02,102.4566
2014-06-03,102.5137
2014-06-04,102.5811
2014-06-05,102.4292
2014-06-06,102.3457
2014-06-09,102.3868
2014-06-10,102.4714
2014-06-11,102.3939
2014-06-12,102.2280
2014-06-13,102.3293
2014-06-16,102.3066
2014-06-17,102.5362
2014-06-18,102.5047
2014-06-19,102.1991
2014-06-20,102.2132
2014-06-23,102.0757
2014-06-24,102.1494
2014-06-25,102.0394
2014-06-26,101.9885
2014-06-27,101.8301
2014-06-30,101.6268
2014-07-01,101.5656
2014-07-02,101.6895
2014-07-03,101.7575
2014-07-04,.
2014-07-07,101.8100
2014-07-08,101.7410
2014-07-09,101.6386
2014-07-10,101.7276
2014-07-11,101.8335
2014-07-14,101.8323
2014-07-15,102.0159
2014-07-16,102.0345
2014-07-17,102.1036
2014-07-18,102.1085
2014-07-21,102.0488
2014-07-22,102.0560
2014-07-23,102.0066
2014-07-24,102.0968
2014-07-25,102.2299
2014-07-28,102.2371
2014-07-29,102.4364
2014-07-30,102.7279
2014-07-31,102.8426
2014-08-01,102.8839
2014-08-04,102.8521
2014-08-05,103.0674
2014-08-06,103.0036
2014-08-07,103.0377
2014-08-08,102.9764
2014-08-11,102.8382
2014-08-12,102.8916
2014-08-13,102.8207
2014-08-14,102.7064
2014-08-15,102.6305
2014-08-18,102.5837
2014-08-19,102.7599
2014-08-20,102.9286
2014-08-21,103.0149
2014-08-22,103.1366
2014-08-25,103.2555
2014-08-26,103.1993
2014-08-27,103.0160
2014-08-28,103.0445
2014-08-29,103.0780
2014-09-01,.
2014-09-02,103.4323
2014-09-03,103.2212
2014-09-04,103.6100
2014-09-05,103.5627
2014-09-08,103.7356
2014-09-09,104.1981
2014-09-10,104.1889
2014-09-11,104.2502
2014-09-12,104.4130
2014-09-15,104.4923
2014-09-16,104.2331
2014-09-17,104.2966
2014-09-18,104.5368
2014-09-19,104.7379
2014-09-22,104.8626
2014-09-23,104.8974
2014-09-24,105.0274
2014-09-25,105.2759
2014-09-26,105.5839
2014-09-29,105.7800
2014-09-30,105.9285
2014-10-01,105.9478
2014-10-02,105.7007
2014-10-03,106.3639
2014-10-06,105.9531
2014-10-07,105.8534
2014-10-08,105.9139
2014-10-09,105.5703
2014-10-10,105.8176
2014-10-13,.
2014-10-14,105.7759
2014-10-15,105.7225
2014-10-16,105.6697
2014-10-17,105.6910
2014-10-20,105.6678
2014-10-21,105.6242
2014-10-22,105.8363
2014-10-23,105.9910
2014-10-24,105.8740
2014-10-27,105.9386
2014-10-28,105.6254
2014-10-29,105.4250
2014-10-30,105.8457
2014-10-31,106.5406
2014-11-03,106.9789
2014-11-04,106.9972
2014-11-05,107.2855
2014-11-06,107.6117
2014-11-07,107.5243
2014-11-10,107.4134
2014-11-11,.
2014-11-12,107.3952
2014-11-13,107.6054
2014-11-14,107.6250
2014-11-17,107.7355
2014-11-18,107.5225
2014-11-19,107.7618
2014-11-20,107.7797
2014-11-21,107.8131
2014-11-24,107.9531
2014-11-25,107.8236
2014-11-26,107.7566
2014-11-27,.
2014-11-28,108.6666
2014-12-01,108.5640
2014-12-02,109.1414
2014-12-03,109.2673
2014-12-04,109.1108
2014-12-05,109.7930
2014-12-08,110.0417
2014-12-09,109.5609
2014-12-10,109.7635
2014-12-11,110.2142
2014-12-12,110.1817
2014-12-15,110.5473
2014-12-16,110.4271
2014-12-17,110.3832
2014-12-18,110.6174
2014-12-19,110.8856
2014-12-22,110.7806
2014-12-23,111.1277
2014-12-24,111.0607
2014-12-25,.
2014-12-26,.
2014-12-29,111.2006
2014-12-30,110.8747
2014-12-31,111.1469
2015-01-01,.
2015-01-02,111.7093
2015-01-05,112.3496
2015-01-06,112.1257
2015-01-07,112.4579
2015-01-08,112.0838
2015-01-09,111.9293
2015-01-12,112.0423
2015-01-13,112.0863
2015-01-14,111.9014
2015-01-15,111.9152
2015-01-16,112.0834
2015-01-19,.
2015-01-20,112.4127
2015-01-21,112.6293
2015-01-22,112.7430
2015-01-23,113.1843
2015-01-26,113.3870
2015-01-27,113.0411
2015-01-28,113.3728
2015-01-29,114.1712
2015-01-30,114.4945
2015-02-02,114.1131
2015-02-03,113.4901
2015-02-04,113.6620
2015-02-05,113.3871
2015-02-06,114.0195
2015-02-09,113.8706
2015-02-10,114.1625
2015-02-11,114.6676
2015-02-12,113.8361
2015-02-13,113.7119
2015-02-16,.
2015-02-17,.
2015-02-18,114.1471
2015-02-19,114.0344
2015-02-20,114.2275
2015-02-23,114.4443
2015-02-24,114.4412
2015-02-25,113.9378
2015-02-26,114.3624
2015-02-27,114.4916
2015-03-02,114.7125
2015-03-03,114.4476
2015-03-04,115.0135
2015-03-05,.
2015-03-06,116.2662
2015-03-09,116.3643
2015-03-10,116.9908
2015-03-11,117.3705
2015-03-12,117.0055
2015-03-13,117.7365
2015-03-16,117.4684
2015-03-17,117.3692
2015-03-18,117.1398
2015-03-19,116.8682
2015-03-20,115.8916
2015-03-23,115.2237
2015-03-24,115.1216
2015-03-25,114.9544
2015-03-26,115.2423
2015-03-27,115.5844
2015-03-30,116.0591
2015-03-31,116.1075
2015-04-01,115.7077
2015-04-02,115.2963
2015-04-03,114.5132
2015-04-06,114.3974
2015-04-07,115.0616
2015-04-08,115.0335
2015-04-09,115.6036
2015-04-10,116.0401
2015-04-13,116.3444
2015-04-14,115.6385
2015-04-15,115.7557
2015-04-16,114.8570
2015-04-17,114.9319
2015-04-20,115.1160
2015-04-21,115.1896
2015-04-22,115.1901
2015-04-23,114.7776
2015-04-24,114.5064
2015-04-27,114.3473
2015-04-28,113.7630
2015-04-29,113.2218
2015-04-30,113.9662
2015-05-01,114.2812
2015-05-04,114.3277
2015-05-05,113.8984
2015-05-06,113.3476
2015-05-07,113.8579
2015-05-08,113.5412
2015-05-11,114.0357
2015-05-12,113.6217
2015-05-13,113.0735
2015-05-14,112.9426
2015-05-15,112.7121
2015-05-18,113.2723
2015-05-19,114.0043
2015-05-20,114.2327
2015-05-21,114.0483
2015-05-22,114.4895
2015-05-25,.
2015-05-26,115.3923
2015-05-27,115.5753
2015-05-28,115.5979
2015-05-29,115.4174
2015-06-01,115.9124
2015-06-02,115.1597
2015-06-03,114.8626
2015-06-04,115.2319
2015-06-05,115.9022
2015-06-08,115.5589
2015-06-09,115.0165
2015-06-10,114.5813
2015-06-11,114.8749
2015-06-12,114.7036
2015-06-15,114.7919
2015-06-16,114.8388
2015-06-17,114.8689
2015-06-18,113.9015
2015-06-19,114.2574
2015-06-22,114.1814
2015-06-23,114.7582
2015-06-24,115.0461
2015-06-25,114.9605
2015-06-26,115.2353
2015-06-29,115.2123
2015-06-30,115.3208
2015-07-01,115.8039
2015-07-02,115.7046
2015-07-03,.
2015-07-06,115.9517
2015-07-07,116.5795
2015-07-08,116.2565
2015-07-09,116.3419
2015-07-10,116.0040
2015-07-13,116.3813
2015-07-14,116.3027
2015-07-15,116.8273
2015-07-16,116.9869
2015-07-17,117.3480
2015-07-20,117.5188
2015-07-21,117.2064
2015-07-22,117.6152
2015-07-23,117.5919
2015-07-24,117.8650
2015-07-27,117.5653
2015-07-28,117.5665
2015-07-29,117.4742
2015-07-30,118.3233
2015-07-31,117.6783
2015-08-03,118.1303
2015-08-04,118.1359
2015-08-05,118.7752
2015-08-06,118.6447
2015-08-07,118.3575
2015-08-10,118.1152
2015-08-11,119.0643
2015-08-12,118.6997
2015-08-13,119.1323
2015-08-14,119.1591
2015-08-17,119.4079
2015-08-18,119.5274
2015-08-19,119.7026
2015-08-20,119.4028
2015-08-21,119.4568
2015-08-24,119.2763
2015-08-25,119.6573
2015-08-26,119.8613
2015-08-27,119.7096
2015-08-28,119.8615
2015-08-31,119.7278
2015-09-01,119.6130
2015-09-02,119.9426
2015-09-03,120.0050
2015-09-04,120.2631
2015-09-07,.
2015-09-08,120.0126
2015-09-09,120.1495
2015-09-10,119.8625
2015-09-11,119.8260
2015-09-14,119.6996
2015-09-15,119.8163
2015-09-16,119.2832
2015-09-17,119.2802
2015-09-18,118.9863
2015-09-21,119.8306
2015-09-22,120.3969
2015-09-23,120.8519
2015-09-24,120.6567
2015-09-25,120.5671
2015-09-28,120.5989
2015-09-29,120.7097
2015-09-30,120.4811
2015-10-01,120.2147
2015-10-02,119.8832
2015-10-05,119.5856
2015-10-06,119.2755
2015-10-07,118.9134
2015-10-08,118.7432
2015-10-09,118.1381
2015-10-12,.
2015-10-13,118.4751
2015-10-14,118.1977
2015-10-15,117.6941
2015-10-16,118.0535
2015-10-19,118.4716
2015-10-20,118.4193
2015-10-21,118.8722
2015-10-22,119.1233
2015-10-23,119.4904
2015-10-26,119.2691
2015-10-27,119.5652
2015-10-28,119.3021
2015-10-29,119.8995
2015-10-30,119.2672
2015-11-02,119.2698
2015-11-03,119.2801
2015-11-04,119.7675
2015-11-05,119.8553
2015-11-06,120.7666
2015-11-09,121.0266
2015-11-10,121.0980
2015-11-11,.
2015-11-12,120.9459
2015-11-13,121.1950
2015-11-16,121.3746
2015-11-17,121.4747
2015-11-18,121.5267
2015-11-19,120.7266
2015-11-20,120.8985
2015-11-23,121.2538
2015-11-24,120.8769
2015-11-25,120.9955
2015-11-26,.
2015-11-27,121.4124
2015-11-30,121.4539
2015-12-01,121.2289
2015-12-02,121.4816
2015-12-03,120.7781
2015-12-04,120.6959
2015-12-07,121.5091
2015-12-08,121.7622
2015-12-09,121.4421
2015-12-10,121.5191
2015-12-11,122.0230
2015-12-14,122.0556
2015-12-15,122.1288
2015-12-16,122.2718
2015-12-17,123.1138
2015-12-18,122.5593
2015-12-21,122.6737
2015-12-22,122.4554
2015-12-23,122.4022
2015-12-24,122.3096
2015-12-25,.
2015-12-28,122.3251
2015-12-29,122.4385
2015-12-30,122.7849
2015-12-31,122.6098
2016-01-01,.
2016-01-04,123.5233
2016-01-05,123.6050
2016-01-06,124.0217
2016-01-07,124.0995
2016-01-08,124.4706
2016-01-11,124.4510
2016-01-12,124.7411
2016-01-13,124.5715
2016-01-14,124.8196
2016-01-15,125.1683
2016-01-18,.
2016-01-19,125.2142
2016-01-20,125.7850
2016-01-21,125.4479
2016-01-22,125.1949
2016-01-25,.
2016-01-26,.
2016-01-27,124.9370
2016-01-28,124.6428
2016-01-29,124.9654
2016-02-01,124.7581
2016-02-02,125.0253
2016-02-03,124.0865
2016-02-04,123.0112
2016-02-05,123.7216
2016-02-08,123.8584
2016-02-09,123.5738
2016-02-10,123.6929
2016-02-11,123.5964
2016-02-12,123.7319
2016-02-15,.
2016-02-16,123.8235
2016-02-17,123.2025
2016-02-18,123.2175
2016-02-19,123.2952
2016-02-22,123.1116
2016-02-23,123.4711
2016-02-24,123.4565
2016-02-25,123.2299
2016-02-26,123.6997
2016-02-29,123.5786
2016-03-01,123.2447
2016-03-02,123.1171
2016-03-03,122.5373
2016-03-04,121.8680
2016-03-07,121.8666
2016-03-08,122.0900
2016-03-09,121.6720
2016-03-10,121.6592
2016-03-11,121.0370
2016-03-14,121.4580
2016-03-15,121.8633
2016-03-16,122.0746
2016-03-17,119.6667
2016-03-18,119.6236
2016-03-21,119.9578
2016-03-22,119.9827
2016-03-23,120.7710
2016-03-24,121.0665
2016-03-25,121.0166
2016-03-28,120.6176
2016-03-29,120.6418
2016-03-30,119.4230
2016-03-31,119.0605
2016-04-01,119.4647
2016-04-04,119.5936
2016-04-05,120.1280
2016-04-06,119.7106
2016-04-07,120.0226
2016-04-08,119.5559
2016-04-11,119.1048
2016-04-12,118.9510
2016-04-13,119.3009
2016-04-14,119.3228
2016-04-15,119.3454
2016-04-18,119.1497
2016-04-19,118.4127
2016-04-20,118.5374
2016-04-21,119.0376
2016-04-22,119.4732
2016-04-25,119.4272
2016-04-26,118.9975
2016-04-27,119.0888
2016-04-28,118.3957
2016-04-29,118.0094
2016-05-02,117.8568
2016-05-03,118.5780
2016-05-04,119.2253
2016-05-05,119.4924
2016-05-06,119.6151
2016-05-09,120.2271
2016-05-10,120.1107
2016-05-11,119.5273
2016-05-12,119.9739
2016-05-13,120.5530
2016-05-16,120.4181
2016-05-17,120.3839
2016-05-18,120.8765
2016-05-19,121.6216
2016-05-20,121.5605
2016-05-23,121.6551
2016-05-24,121.6891
2016-05-25,121.5940
2016-05-26,121.2897
2016-05-27,121.4825
2016-05-30,.
2016-05-31,121.8591
2016-06-01,121.8750
2016-06-02,121.8721
2016-06-03,120.8090
2016-06-06,120.5756
2016-06-07,120.1920
2016-06-08,119.5125
2016-06-09,119.9386
2016-06-10,120.4457
2016-06-13,120.8667
2016-06-14,121.3693
2016-06-15,121.1161
2016-06-16,121.5760
2016-06-17,120.8906
2016-06-20,120.2313
2016-06-21,120.3712
2016-06-22,120.1139
2016-06-23,119.6094
2016-06-24,121.4301
2016-06-27,122.4244
2016-06-28,122.0156
2016-06-29,121.1017
2016-06-30,121.3810
2016-07-01,120.8807
2016-07-04,.
2016-07-05,121.6754
2016-07-06,121.7975
2016-07-07,121.8163
2016-07-08,121.6186
2016-07-11,121.7605
2016-07-12,121.3755
2016-07-13,121.2864
2016-07-14,121.0205
2016-07-15,121.5368
2016-07-18,121.5258
2016-07-19,121.9028
2016-07-20,121.9353
2016-07-21,121.8815
2016-07-22,122.2317
2016-07-25,122.4442
2016-07-26,122.3088
2016-07-27,122.4631
2016-07-28,121.9738
2016-07-29,121.0759
2016-08-01,121.1652
2016-08-02,120.8910
2016-08-03,121.1455
2016-08-04,121.0906
2016-08-05,121.5302
2016-08-08,121.3068
2016-08-09,120.8514
2016-08-10,120.4140
2016-08-11,120.2734
2016-08-12,120.2762
2016-08-15,119.9945
2016-08-16,119.4999
2016-08-17,120.0677
2016-08-18,119.4345
2016-08-19,119.9713
2016-08-22,120.1747
2016-08-23,120.1091
2016-08-24,120.5087
2016-08-25,120.3619
2016-08-26,120.3984
2016-08-29,121.0955
2016-08-30,121.5227
2016-08-31,121.6413
2016-09-01,121.4332
2016-09-02,121.2748
2016-09-05,.
2016-09-06,120.1989
2016-09-07,120.1645
2016-09-08,120.4685
2016-09-09,121.2349
2016-09-12,121.4151
2016-09-13,121.7848
2016-09-14,121.7257
2016-09-15,121.7361
2016-09-16,122.4351
2016-09-19,122.1252
2016-09-20,122.4048
2016-09-21,122.1856
2016-09-22,121.4565
2016-09-23,121.9079
2016-09-26,121.9081
2016-09-27,121.7247
2016-09-28,121.8023
2016-09-29,121.4643
2016-09-30,121.4603
2016-10-03,121.6635
2016-10-04,121.8132
2016-10-05,121.9580
2016-10-06,122.1535
2016-10-07,122.4076
2016-10-10,.
2016-10-11,122.6162
2016-10-12,122.9258
2016-10-13,122.8240
2016-10-14,122.9188
2016-10-17,122.7704
2016-10-18,122.3485
2016-10-19,122.2391
2016-10-20,122.5976
2016-10-21,123.1193
2016-10-24,123.0687
2016-10-25,122.8784
2016-10-26,123.0318
2016-10-27,123.4502
2016-10-28,123.3353
2016-10-31,123.2681
2016-11-01,123.2373
2016-11-02,123.1869
2016-11-03,123.0433
2016-11-04,122.8671
2016-11-07,122.8248
2016-11-08,122.5817
2016-11-09,124.0367
2016-11-10,125.3837
2016-11-11,.
2016-11-14,126.7651
2016-11-15,126.2991
2016-11-16,126.3701
2016-11-17,126.4467
2016-11-18,127.1632
2016-11-21,127.0723
2016-11-22,127.0238
2016-11-23,127.6878
2016-11-24,.
2016-11-25,127.6565
2016-11-28,127.3420
2016-11-29,127.2640
2016-11-30,127.3708
2016-12-01,127.2995
2016-12-02,126.9500
2016-12-05,126.7366
2016-12-06,126.5483
2016-12-07,126.2650
2016-12-08,126.6265
2016-12-09,126.9306
2016-12-12,126.5512
2016-12-13,126.4263
2016-12-14,126.3792
2016-12-15,128.4846
2016-12-16,128.0708
2016-12-19,128.0721
2016-12-20,128.3122
2016-12-21,128.2467
2016-12-22,128.4999
2016-12-23,128.4363
2016-12-26,.
2016-12-27,128.6137
2016-12-28,128.8985
2016-12-29,128.3186
2016-12-30,128.0244
2017-01-02,.
2017-01-03,128.7853
2017-01-04,128.5670
2017-01-05,127.6114
2017-01-06,128.0132
2017-01-09,128.0790
2017-01-10,128.1848
2017-01-11,128.6924
2017-01-12,127.3720
2017-01-13,127.5822
2017-01-16,.
2017-01-17,126.8053
2017-01-18,127.2478
2017-01-19,127.8988
2017-01-20,.
2017-01-23,126.7810
2017-01-24,126.5987
2017-01-25,126.5297
2017-01-26,126.8767
2017-01-27,126.6659
2017-01-30,126.2927
2017-01-31,125.7822
2017-02-01,125.9575
2017-02-02,125.4230
2017-02-03,125.1046
2017-02-06,125.5157
2017-02-07,125.9211
2017-02-08,125.6333
2017-02-09,125.8037
2017-02-10,125.6500
2017-02-13,125.8473
2017-02-14,125.8527
2017-02-15,125.6742
2017-02-16,125.4514
2017-02-17,125.8702
2017-02-20,.
2017-02-21,126.0674
2017-02-22,125.6608
2017-02-23,125.0737
2017-02-24,125.2382
2017-02-27,125.0993
2017-02-28,125.4198
2017-03-01,125.8647
2017-03-02,126.2855
2017-03-03,126.0855
2017-03-06,125.8659
2017-03-07,125.8591
2017-03-08,126.3278
2017-03-09,126.4668
2017-03-10,126.0703
2017-03-13,125.8620
2017-03-14,126.0326
2017-03-15,125.8140
2017-03-16,124.9171
2017-03-17,124.6840
2017-03-20,124.4271
2017-03-21,124.1971
2017-03-22,124.1651
2017-03-23,124.1663
2017-03-24,123.9862
2017-03-27,123.5663
2017-03-28,123.7610
2017-03-29,124.0562
2017-03-30,123.8737
2017-03-31,124.1531
2017-04-03,124.2095
2017-04-04,124.3467
2017-04-05,124.3168
2017-04-06,124.3997
2017-04-07,124.4357
2017-04-10,124.5036
2017-04-11,124.3984
2017-04-12,124.2899
2017-04-13,123.8570
2017-04-14,123.8791
2017-04-17,123.6684
2017-04-18,123.6227
2017-04-19,124.1856
2017-04-20,124.0044
2017-04-21,124.1956
2017-04-24,123.7341
2017-04-25,123.8850
2017-04-26,124.3631
2017-04-27,124.4177
2017-04-28,124.2064
2017-05-01,124.0023
2017-05-02,124.0839
2017-05-03,124.0783
2017-05-04,124.3476
2017-05-05,124.2295
2017-05-08,124.5458
2017-05-09,124.8652
2017-05-10,124.5648
2017-05-11,124.4978
2017-05-12,124.1594
2017-05-15,123.7426
2017-05-16,123.3816
2017-05-17,123.1351
2017-05-18,123.6967
2017-05-19,123.0955
2017-05-22,122.9317
2017-05-23,123.0886
2017-05-24,123.0711
2017-05-25,122.7311
2017-05-26,122.7950
2017-05-29,.
2017-05-30,122.8874
2017-05-31,122.5761
2017-06-01,122.5743
2017-06-02,122.4672
2017-06-05,122.2344
2017-06-06,121.9461
2017-06-07,122.0681
2017-06-08,122.0925
2017-06-09,122.1926
2017-06-12,122.2110
2017-06-13,121.8719
2017-06-14,121.2941
2017-06-15,122.1408
2017-06-16,121.8914
2017-06-19,122.0528
2017-06-20,122.5867
2017-06-21,122.6599
2017-06-22,122.4912
2017-06-23,122.1850
2017-06-26,122.0816
2017-06-27,121.8653
2017-06-28,121.4061
2017-06-29,121.3323
2017-06-30,121.3144
2017-07-03,121.7897
2017-07-04,.
2017-07-05,122.0291
2017-07-06,121.8108
2017-07-07,121.7015
2017-07-10,121.5334
2017-07-11,121.5130
2017-07-12,120.9200
2017-07-13,120.8623
2017-07-14,120.2172
2017-07-17,120.2357
2017-07-18,119.6997
2017-07-19,119.7069
2017-07-20,119.5231
2017-07-21,119.4725
2017-07-24,119.4736
2017-07-25,119.5693
2017-07-26,119.6696
2017-07-27,119.4751
2017-07-28,119.1908
2017-07-31,119.0794
2017-08-01,119.1063
2017-08-02,119.0182
2017-08-03,119.0830
2017-08-04,119.5274
2017-08-07,119.6112
2017-08-08,119.6034
2017-08-09,119.5501
2017-08-10,119.3355
2017-08-11,119.2019
2017-08-14,119.2529
2017-08-15,119.6501
2017-08-16,119.6115
2017-08-17,119.3241
2017-08-18,119.1882
2017-08-21,118.8711
2017-08-22,118.9584
2017-08-23,118.9187
2017-08-24,118.8703
2017-08-25,118.4358
2017-08-28,118.2399
2017-08-29,118.1438
2017-08-30,118.4412
2017-08-31,118.3976
2017-09-01,118.0488
2017-09-04,.
2017-09-05,117.8501
2017-09-06,117.4725
2017-09-07,116.8402
2017-09-08,116.7443
2017-09-11,117.1398
2017-09-12,117.3433
2017-09-13,117.6876
2017-09-14,117.6744
2017-09-15,117.3891
2017-09-18,117.7363
2017-09-19,117.7235
2017-09-20,117.5291
2017-09-21,118.0497
2017-09-22,117.8659
2017-09-25,118.4788
2017-09-26,118.9556
2017-09-27,119.2704
2017-09-28,119.4768
2017-09-29,119.2971
2017-10-02,119.5755
2017-10-03,119.5296
2017-10-04,119.4435
2017-10-05,119.7593
2017-10-06,119.9731
2017-10-09,.
2017-10-10,119.3951
2017-10-11,119.4137
2017-10-12,119.4211
2017-10-13,119.3762
2017-10-16,119.6658
2017-10-17,120.0668
2017-10-18,119.8872
2017-10-19,119.6022
2017-10-20,120.1939
2017-10-23,120.4002
2017-10-24,120.5763
2017-10-25,120.5661
2017-10-26,120.8082
2017-10-27,121.3270
2017-10-30,121.0882
2017-10-31,120.9699
2017-11-01,120.9122
2017-11-02,120.6508
2017-11-03,121.1012
2017-11-06,120.8663
2017-11-07,121.1095
2017-11-08,120.8335
2017-11-09,120.7275
2017-11-10,.
2017-11-13,120.9433
2017-11-14,120.6751
2017-11-15,120.6153
2017-11-16,120.3817
2017-11-17,120.1019
2017-11-20,120.3727
2017-11-21,120.0777
2017-11-22,119.6244
2017-11-23,.
2017-11-24,119.0744
2017-11-27,119.1600
2017-11-28,119.3331
2017-11-29,119.3856
2017-11-30,119.5430
2017-12-01,119.2417
2017-12-04,119.5029
2017-12-05,119.5963
2017-12-06,119.9731
2017-12-07,120.1278
2017-12-08,120.3382
2017-12-11,120.1918
2017-12-12,120.6360
2017-12-13,120.3804
2017-12-14,120.1897
2017-12-15,120.2138
2017-12-18,119.9950
2017-12-19,120.2129
2017-12-20,119.8936
2017-12-21,119.9540
2017-12-22,120.1669
2017-12-25,.
2017-12-26,120.0034
2017-12-27,119.9074
2017-12-28,119.5338
2017-12-29,119.0722
2018-01-01,.
2018-01-02,118.6053
2018-01-03,118.6302
2018-01-04,118.4198
2018-01-05,118.2929
2018-01-08,118.5280
2018-01-09,118.8904
2018-01-10,118.5754
2018-01-11,118.4136
2018-01-12,117.7921
2018-01-15,.
2018-01-16,117.1959
2018-01-17,117.0253
2018-01-18,116.9237
2018-01-19,116.7643
2018-01-22,116.9484
2018-01-23,116.8377
2018-01-24,115.8807
2018-01-25,115.2392
2018-01-26,115.4210
2018-01-29,115.8617
2018-01-30,115.8587
2018-01-31,115.4772
2018-02-01,115.2109
2018-02-02,115.8515
2018-02-05,117.0694
2018-02-06,117.2339
2018-02-07,117.7646
2018-02-08,118.4628
2018-02-09,118.3577
2018-02-12,118.1567
2018-02-13,117.8930
2018-02-14,117.5922
2018-02-15,117.0953
2018-02-16,117.1364
2018-02-19,.
2018-02-20,117.7338
2018-02-21,117.9749
2018-02-22,118.0115
2018-02-23,117.8069
