DATE,RU2000PR
2008-02-27,1780.54
2008-02-28,1753.88
2008-02-29,1705.33
2008-03-03,1700.45
2008-03-04,1692.41
2008-03-05,1699.27
2008-03-06,1647.16
2008-03-07,1640.54
2008-03-10,1600.42
2008-03-11,1674.59
2008-03-12,1658.46
2008-03-13,1689.29
2008-03-14,1647.52
2008-03-17,1616.60
2008-03-18,1694.78
2008-03-19,1650.52
2008-03-20,1693.50
2008-03-21,.
2008-03-24,1742.85
2008-03-25,1752.78
2008-03-26,1744.93
2008-03-27,1720.75
2008-03-28,1697.88
2008-03-31,1709.77
2008-04-01,1766.14
2008-04-02,1770.16
2008-04-03,1773.41
2008-04-04,1773.80
2008-04-07,1771.19
2008-04-08,1769.30
2008-04-09,1735.64
2008-04-10,1758.12
2008-04-11,1710.26
2008-04-14,1705.06
2008-04-15,1719.95
2008-04-16,1772.94
2008-04-17,1759.56
2008-04-18,1792.03
2008-04-21,1784.42
2008-04-22,1748.90
2008-04-23,1759.83
2008-04-24,1782.11
2008-04-25,1794.06
2008-04-28,1802.73
2008-04-29,1786.71
2008-04-30,1779.88
2008-05-01,1813.60
2008-05-02,1803.65
2008-05-05,1800.19
2008-05-06,1813.70
2008-05-07,1779.97
2008-05-08,1788.26
2008-05-09,1789.50
2008-05-12,1822.27
2008-05-13,1831.27
2008-05-14,1829.31
2008-05-15,1847.49
2008-05-16,1842.01
2008-05-19,1835.24
2008-05-20,1828.26
2008-05-21,1807.04
2008-05-22,1821.71
2008-05-23,1799.57
2008-05-26,.
2008-05-27,1825.14
2008-05-28,1835.26
2008-05-29,1852.88
2008-05-30,1859.67
2008-06-02,1841.61
2008-06-03,1836.61
2008-06-04,1848.31
2008-06-05,1896.91
2008-06-06,1840.00
2008-06-09,1827.29
2008-06-10,1820.75
2008-06-11,1784.12
2008-06-12,1788.98
2008-06-13,1823.21
2008-06-16,1840.92
2008-06-17,1830.56
2008-06-18,1816.01
2008-06-19,1833.69
2008-06-20,1803.62
2008-06-23,1788.92
2008-06-24,1759.36
2008-06-25,1780.19
2008-06-26,1735.76
2008-06-27,1735.05
2008-06-30,1713.98
2008-07-01,1718.77
2008-07-02,1670.93
2008-07-03,1654.62
2008-07-04,.
2008-07-07,1635.95
2008-07-08,1696.74
2008-07-09,1649.59
2008-07-10,1666.20
2008-07-11,1677.41
2008-07-14,1651.45
2008-07-15,1646.12
2008-07-16,1706.74
2008-07-17,1731.29
2008-07-18,1722.48
2008-07-21,1733.80
2008-07-22,1781.49
2008-07-23,1787.36
2008-07-24,1745.61
2008-07-25,1765.37
2008-07-28,1730.01
2008-07-29,1775.84
2008-07-30,1786.56
2008-07-31,1775.77
2008-08-01,1779.83
2008-08-04,1749.97
2008-08-05,1791.97
2008-08-06,1804.03
2008-08-07,1773.01
2008-08-08,1824.91
2008-08-11,1866.57
2008-08-12,1851.36
2008-08-13,1858.20
2008-08-14,1874.82
2008-08-15,1872.31
2008-08-18,1843.98
2008-08-19,1814.38
2008-08-20,1818.20
2008-08-21,1802.43
2008-08-22,1833.13
2008-08-25,1790.73
2008-08-26,1798.10
2008-08-27,1821.56
2008-08-28,1858.45
2008-08-29,1837.84
2008-09-01,.
2008-09-02,1835.38
2008-09-03,1843.83
2008-09-04,1785.95
2008-09-05,1786.52
2008-09-08,1821.34
2008-09-09,1757.80
2008-09-10,1782.33
2008-09-11,1786.89
2008-09-12,1790.03
2008-09-15,1714.22
2008-09-16,1766.14
2008-09-17,1680.97
2008-09-18,1798.52
2008-09-19,1873.24
2008-09-22,1790.48
2008-09-23,1762.52
2008-09-24,1734.14
2008-09-25,1753.95
2008-09-26,1751.58
2008-09-29,1634.59
2008-09-30,1688.94
2008-10-01,1669.07
2008-10-02,1584.77
2008-10-03,1539.37
2008-10-06,1480.99
2008-10-07,1389.14
2008-10-08,1358.35
2008-10-09,1240.64
2008-10-10,1298.50
2008-10-13,1418.80
2008-10-14,1378.44
2008-10-15,1247.87
2008-10-16,1333.50
2008-10-17,1308.73
2008-10-20,1359.45
2008-10-21,1319.20
2008-10-22,1247.51
2008-10-23,1217.57
2008-10-24,1170.85
2008-10-27,1114.39
2008-10-28,1199.26
2008-10-29,1219.96
2008-10-30,1277.86
2008-10-31,1335.88
2008-11-03,1338.30
2008-11-04,1356.83
2008-11-05,1279.00
2008-11-06,1232.29
2008-11-07,1257.02
2008-11-10,1225.49
2008-11-11,1198.61
2008-11-12,1125.31
2008-11-13,1220.84
2008-11-14,1134.58
2008-11-17,1121.59
2008-11-18,1112.18
2008-11-19,1024.87
2008-11-20,957.59
2008-11-21,1010.34
2008-11-24,1085.55
2008-11-25,1101.42
2008-11-26,1165.24
2008-11-27,.
2008-11-28,1175.87
2008-12-01,1036.53
2008-12-02,1098.04
2008-12-03,1127.70
2008-12-04,1092.34
2008-12-05,1145.93
2008-12-08,1196.35
2008-12-09,1157.40
2008-12-10,1183.97
2008-12-11,1121.38
2008-12-12,1164.17
2008-12-15,1124.74
2008-12-16,1200.00
2008-12-17,1209.31
2008-12-18,1190.86
2008-12-19,1208.47
2008-12-22,1180.68
2008-12-23,1164.68
2008-12-24,1169.28
2008-12-25,.
2008-12-26,1184.89
2008-12-29,1158.51
2008-12-30,1199.80
2008-12-31,1241.27
2009-01-01,.
2009-01-02,1257.15
2009-01-05,1255.13
2009-01-06,1279.18
2009-01-07,1235.41
2009-01-08,1247.62
2009-01-09,1196.15
2009-01-12,1165.09
2009-01-13,1177.48
2009-01-14,1126.24
2009-01-15,1149.74
2009-01-16,1159.24
2009-01-19,.
2009-01-20,1077.72
2009-01-21,1135.17
2009-01-22,1100.59
2009-01-23,1104.35
2009-01-26,1118.51
2009-01-27,1132.24
2009-01-28,1175.58
2009-01-29,1126.42
2009-01-30,1102.27
2009-02-02,1117.40
2009-02-03,1125.56
2009-02-04,1114.58
2009-02-05,1130.98
2009-02-06,1169.82
2009-02-09,1162.95
2009-02-10,1107.84
2009-02-11,1113.26
2009-02-12,1119.41
2009-02-13,1114.28
2009-02-16,.
2009-02-17,1065.94
2009-02-18,1051.72
2009-02-19,1035.62
2009-02-20,1021.34
2009-02-23,980.62
2009-02-24,1025.12
2009-02-25,997.68
2009-02-26,976.58
2009-02-27,966.80
2009-03-02,914.06
2009-03-03,897.20
2009-03-04,922.78
2009-03-05,868.46
2009-03-06,872.44
2009-03-09,853.09
2009-03-10,913.94
2009-03-11,910.34
2009-03-12,969.55
2009-03-13,976.92
2009-03-16,960.20
2009-03-17,1003.02
2009-03-18,1037.93
2009-03-19,1027.05
2009-03-20,994.37
2009-03-23,1077.91
2009-03-24,1034.82
2009-03-25,1060.00
2009-03-26,1106.69
2009-03-27,1066.16
2009-03-30,1033.80
2009-03-31,1050.64
2009-04-01,1066.57
2009-04-02,1118.83
2009-04-03,1133.60
2009-04-06,1112.29
2009-04-07,1072.87
2009-04-08,1098.79
2009-04-09,1163.59
2009-04-10,.
2009-04-13,1163.22
2009-04-14,1126.36
2009-04-15,1146.03
2009-04-16,1177.72
2009-04-17,1191.35
2009-04-20,1124.54
2009-04-21,1168.18
2009-04-22,1169.87
2009-04-23,1159.67
2009-04-24,1189.78
2009-04-27,1166.89
2009-04-28,1175.13
2009-04-29,1221.43
2009-04-30,1211.71
2009-05-01,1210.26
2009-05-04,1259.58
2009-05-05,1248.97
2009-05-06,1255.29
2009-05-07,1225.07
2009-05-08,1272.01
2009-05-11,1247.45
2009-05-12,1230.65
2009-05-13,1172.59
2009-05-14,1194.68
2009-05-15,1182.58
2009-05-18,1229.67
2009-05-19,1225.88
2009-05-20,1216.16
2009-05-21,1196.06
2009-05-22,1187.12
2009-05-25,.
2009-05-26,1243.51
2009-05-27,1217.53
2009-05-28,1223.37
2009-05-29,1246.68
2009-06-01,1295.75
2009-06-02,1308.92
2009-06-03,1299.07
2009-06-04,1321.36
2009-06-05,1318.08
2009-06-08,1304.23
2009-06-09,1312.04
2009-06-10,1301.54
2009-06-11,1307.44
2009-06-12,1309.31
2009-06-15,1272.01
2009-06-16,1251.93
2009-06-17,1260.09
2009-06-18,1266.19
2009-06-19,1274.25
2009-06-22,1224.75
2009-06-23,1217.20
2009-06-24,1230.07
2009-06-25,1265.43
2009-06-26,1275.49
2009-06-29,1269.01
2009-06-30,1263.21
2009-07-01,1286.03
2009-07-02,1235.70
2009-07-03,.
2009-07-06,1227.78
2009-07-07,1203.49
2009-07-08,1192.13
2009-07-09,1191.10
2009-07-10,1195.35
2009-07-13,1226.01
2009-07-14,1233.97
2009-07-15,1281.50
2009-07-16,1297.35
2009-07-17,1290.39
2009-07-20,1309.62
2009-07-21,1305.32
2009-07-22,1313.95
2009-07-23,1356.57
2009-07-24,1363.07
2009-07-27,1369.08
2009-07-28,1371.73
2009-07-29,1362.85
2009-07-30,1386.27
2009-07-31,1383.57
2009-08-03,1406.10
2009-08-04,1418.42
2009-08-05,1406.62
2009-08-06,1385.82
2009-08-07,1422.56
2009-08-10,1421.25
2009-08-11,1397.01
2009-08-12,1421.99
2009-08-13,1429.49
2009-08-14,1401.42
2009-08-17,1362.37
2009-08-18,1382.86
2009-08-19,1395.83
2009-08-20,1413.31
2009-08-21,1445.21
2009-08-24,1442.03
2009-08-25,1449.44
2009-08-26,1451.43
2009-08-27,1450.82
2009-08-28,1441.09
2009-08-31,1421.74
2009-09-01,1386.92
2009-09-02,1381.38
2009-09-03,1397.92
2009-09-04,1417.84
2009-09-07,.
2009-09-08,1432.44
2009-09-09,1457.34
2009-09-10,1478.47
2009-09-11,1475.23
2009-09-14,1491.23
2009-09-15,1503.17
2009-09-16,1534.34
2009-09-17,1529.60
2009-09-18,1535.60
2009-09-21,1530.84
2009-09-22,1542.58
2009-09-23,1524.39
2009-09-24,1495.50
2009-09-25,1488.52
2009-09-28,1524.01
2009-09-29,1517.12
2009-09-30,1501.78
2009-10-01,1450.77
2009-10-02,1441.95
2009-10-05,1469.05
2009-10-06,1496.06
2009-10-07,1496.32
2009-10-08,1510.42
2009-10-09,1528.23
2009-10-12,1525.46
2009-10-13,1520.23
2009-10-14,1550.64
2009-10-15,1549.16
2009-10-16,1531.36
2009-10-19,1546.68
2009-10-20,1524.48
2009-10-21,1503.85
2009-10-22,1524.40
2009-10-23,1493.29
2009-10-26,1475.40
2009-10-27,1458.83
2009-10-28,1407.56
2009-10-29,1441.99
2009-10-30,1398.63
2009-11-02,1397.69
2009-11-03,1418.15
2009-11-04,1399.49
2009-11-05,1444.29
2009-11-06,1442.31
2009-11-09,1472.05
2009-11-10,1458.78
2009-11-11,1473.04
2009-11-12,1442.23
2009-11-13,1457.05
2009-11-16,1498.28
2009-11-17,1496.96
2009-11-18,1491.52
2009-11-19,1455.57
2009-11-20,1453.07
2009-11-23,1478.26
2009-11-24,1472.71
2009-11-25,1471.75
2009-11-26,.
2009-11-27,1434.51
2009-11-30,1440.78
2009-12-01,1464.32
2009-12-02,1481.43
2009-12-03,1463.26
2009-12-04,1498.08
2009-12-07,1500.00
2009-12-08,1485.44
2009-12-09,1486.25
2009-12-10,1479.66
2009-12-11,1492.07
2009-12-14,1515.48
2009-12-15,1506.82
2009-12-16,1519.02
2009-12-17,1501.72
2009-12-18,1517.42
2009-12-21,1537.37
2009-12-22,1549.80
2009-12-23,1568.15
2009-12-24,1575.83
2009-12-25,.
2009-12-28,1575.03
2009-12-29,1573.61
2009-12-30,1574.18
2009-12-31,1554.25
2010-01-01,.
2010-01-04,1590.81
2010-01-05,1586.81
2010-01-06,1585.46
2010-01-07,1595.46
2010-01-08,1601.89
2010-01-11,1600.47
2010-01-12,1579.37
2010-01-13,1599.41
2010-01-14,1606.53
2010-01-15,1585.49
2010-01-18,.
2010-01-19,1613.29
2010-01-20,1589.59
2010-01-21,1561.62
2010-01-22,1533.71
2010-01-25,1536.16
2010-01-26,1521.38
2010-01-27,1536.84
2010-01-28,1510.87
2010-01-29,1496.21
2010-02-01,1514.14
2010-02-02,1526.07
2010-02-03,1517.65
2010-02-04,1465.49
2010-02-05,1473.71
2010-02-08,1457.58
2010-02-09,1479.15
2010-02-10,1480.76
2010-02-11,1504.72
2010-02-12,1517.80
2010-02-15,.
2010-02-16,1542.94
2010-02-17,1552.85
2010-02-18,1564.01
2010-02-19,1569.73
2010-02-22,1571.31
2010-02-23,1553.45
2010-02-24,1566.78
2010-02-25,1566.85
2010-02-26,1562.13
2010-03-01,1597.15
2010-03-02,1611.22
2010-03-03,1613.58
2010-03-04,1621.55
2010-03-05,1655.22
2010-03-08,1657.93
2010-03-09,1664.20
2010-03-10,1677.37
2010-03-11,1683.06
2010-03-12,1681.49
2010-03-15,1676.08
2010-03-16,1688.93
2010-03-17,1699.86
2010-03-18,1693.97
2010-03-19,1674.79
2010-03-22,1697.19
2010-03-23,1715.58
2010-03-24,1699.12
2010-03-25,1687.73
2010-03-26,1687.41
2010-03-29,1695.57
2010-03-30,1699.77
2010-03-31,1686.60
2010-04-01,1699.87
2010-04-02,.
2010-04-05,1733.84
2010-04-06,1743.36
2010-04-07,1738.33
2010-04-08,1738.77
2010-04-09,1747.01
2010-04-12,1752.24
2010-04-13,1757.15
2010-04-14,1795.35
2010-04-15,1799.85
2010-04-16,1776.02
2010-04-19,1768.01
2010-04-20,1793.23
2010-04-21,1804.76
2010-04-22,1824.94
2010-04-23,1843.86
2010-04-26,1836.25
2010-04-27,1792.54
2010-04-28,1795.32
2010-04-29,1833.47
2010-04-30,1780.93
2010-05-03,1821.24
2010-05-04,1763.79
2010-05-05,1736.11
2010-05-06,1670.66
2010-05-07,1622.86
2010-05-10,1713.86
2010-05-11,1728.45
2010-05-12,1779.71
2010-05-13,1764.16
2010-05-14,1724.71
2010-05-17,1729.02
2010-05-18,1696.80
2010-05-19,1676.06
2010-05-20,1590.65
2010-05-21,1613.65
2010-05-24,1593.57
2010-05-25,1590.61
2010-05-26,1597.07
2010-05-27,1666.39
2010-05-28,1644.28
2010-05-31,.
2010-06-01,1592.95
2010-06-02,1641.57
2010-06-03,1658.59
2010-06-04,1575.58
2010-06-07,1537.09
2010-06-08,1535.11
2010-06-09,1536.62
2010-06-10,1590.04
2010-06-11,1612.93
2010-06-14,1621.05
2010-06-15,1662.07
2010-06-16,1655.50
2010-06-17,1654.81
2010-06-18,1657.47
2010-06-21,1640.34
2010-06-22,1605.25
2010-06-23,1601.13
2010-06-24,1573.59
2010-06-25,1603.27
2010-06-28,1594.38
2010-06-29,1530.82
2010-06-30,1514.73
2010-07-01,1502.99
2010-07-02,1488.58
2010-07-05,.
2010-07-06,1466.38
2010-07-07,1520.12
2010-07-08,1541.52
2010-07-09,1564.29
2010-07-12,1544.87
2010-07-13,1597.57
2010-07-14,1590.95
2010-07-15,1577.19
2010-07-16,1516.98
2010-07-19,1523.66
2010-07-20,1551.40
2010-07-21,1522.57
2010-07-22,1579.33
2010-07-23,1617.03
2010-07-26,1653.23
2010-07-27,1645.66
2010-07-28,1617.29
2010-07-29,1616.48
2010-07-30,1617.62
2010-08-02,1644.88
2010-08-03,1629.49
2010-08-04,1647.61
2010-08-05,1628.00
2010-08-06,1617.11
2010-08-09,1639.08
2010-08-10,1606.37
2010-08-11,1541.83
2010-08-12,1533.34
2010-08-13,1514.73
2010-08-16,1528.69
2010-08-17,1556.50
2010-08-18,1560.85
2010-08-19,1518.38
2010-08-20,1517.94
2010-08-23,1497.79
2010-08-24,1480.20
2010-08-25,1503.25
2010-08-26,1490.55
2010-08-27,1532.81
2010-08-30,1495.43
2010-08-31,1496.26
2010-09-01,1553.25
2010-09-02,1571.33
2010-09-03,1598.92
2010-09-06,.
2010-09-07,1563.95
2010-09-08,1576.28
2010-09-09,1577.19
2010-09-10,1581.76
2010-09-13,1621.09
2010-09-14,1613.51
2010-09-15,1621.65
2010-09-16,1609.98
2010-09-17,1618.99
2010-09-20,1665.06
2010-09-21,1651.85
2010-09-22,1632.09
2010-09-23,1612.53
2010-09-24,1667.64
2010-09-27,1660.87
2010-09-28,1678.62
2010-09-29,1684.11
2010-09-30,1680.38
2010-10-01,1688.21
2010-10-04,1663.75
2010-10-05,1713.22
2010-10-06,1703.22
2010-10-07,1700.48
2010-10-08,1724.33
2010-10-11,1723.42
2010-10-12,1729.84
2010-10-13,1755.76
2010-10-14,1751.33
2010-10-15,1747.54
2010-10-18,1764.86
2010-10-19,1725.14
2010-10-20,1744.91
2010-10-21,1735.01
2010-10-22,1748.21
2010-10-25,1759.29
2010-10-26,1756.91
2010-10-27,1750.19
2010-10-28,1742.23
2010-10-29,1748.01
2010-11-01,1736.09
2010-11-02,1771.70
2010-11-03,1777.31
2010-11-04,1822.84
2010-11-05,1830.60
2010-11-08,1831.05
2010-11-09,1804.24
2010-11-10,1826.33
2010-11-11,1818.16
2010-11-12,1787.57
2010-11-15,1789.22
2010-11-16,1752.94
2010-11-17,1758.98
2010-11-18,1791.46
2010-11-19,1800.22
2010-11-22,1807.60
2010-11-23,1789.21
2010-11-24,1830.47
2010-11-25,.
2010-11-26,1821.02
2010-11-29,1819.07
2010-11-30,1806.80
2010-12-01,1846.89
2010-12-02,1866.91
2010-12-03,1879.90
2010-12-06,1890.94
2010-12-07,1899.79
2010-12-08,1898.83
2010-12-09,1907.75
2010-12-10,1930.61
2010-12-13,1918.87
2010-12-14,1917.76
2010-12-15,1909.58
2010-12-16,1929.94
2010-12-17,1937.29
2010-12-20,1944.22
2010-12-21,1964.65
2010-12-22,1964.81
2010-12-23,1960.76
2010-12-24,.
2010-12-27,1969.18
2010-12-28,1962.00
2010-12-29,1964.00
2010-12-30,1962.69
2010-12-31,1947.56
2011-01-03,1984.61
2011-01-04,1952.99
2011-01-05,1976.01
2011-01-06,1966.88
2011-01-07,1957.96
2011-01-10,1967.29
2011-01-11,1975.17
2011-01-12,1991.59
2011-01-13,1989.82
2011-01-14,2007.01
2011-01-17,.
2011-01-18,2006.99
2011-01-19,1955.61
2011-01-20,1933.73
2011-01-21,1921.56
2011-01-24,1936.69
2011-01-25,1938.40
2011-01-26,1972.61
2011-01-27,1976.85
2011-01-28,1927.06
2011-01-31,1941.60
2011-02-01,1985.45
2011-02-02,1978.65
2011-02-03,1984.80
2011-02-04,1988.48
2011-02-07,2008.88
2011-02-08,2022.21
2011-02-09,2011.25
2011-02-10,2019.77
2011-02-11,2043.16
2011-02-14,2052.57
2011-02-15,2037.97
2011-02-16,2058.71
2011-02-17,2072.75
2011-02-18,2074.75
2011-02-21,.
2011-02-22,2020.42
2011-02-23,1987.32
2011-02-24,1998.59
2011-02-25,2042.74
2011-02-28,2046.48
2011-03-01,2005.79
2011-03-02,2015.29
2011-03-03,2060.00
2011-03-04,2050.30
2011-03-07,2018.66
2011-03-08,2049.48
2011-03-09,2040.85
2011-03-10,1987.03
2011-03-11,1995.22
2011-03-14,1983.66
2011-03-15,1966.64
2011-03-16,1943.21
2011-03-17,1952.22
2011-03-18,1974.94
2011-03-21,2020.55
2011-03-22,2009.72
2011-03-23,2016.13
2011-03-24,2030.69
2011-03-25,2047.47
2011-03-28,2042.29
2011-03-29,2061.48
2011-03-30,2088.53
2011-03-31,2096.43
2011-04-01,2104.44
2011-04-04,2110.87
2011-04-05,2120.70
2011-04-06,2122.83
2011-04-07,2111.06
2011-04-08,2089.81
2011-04-11,2072.34
2011-04-12,2043.54
2011-04-13,2047.64
2011-04-14,2056.46
2011-04-15,2075.14
2011-04-18,2041.67
2011-04-19,2045.39
2011-04-20,2086.25
2011-04-21,2101.63
2011-04-22,.
2011-04-25,2098.11
2011-04-26,2120.03
2011-04-27,2133.11
2011-04-28,2141.17
2011-04-29,2150.47
2011-05-02,2124.33
2011-05-03,2096.97
2011-05-04,2069.98
2011-05-05,2060.87
2011-05-06,2071.05
2011-05-09,2094.58
2011-05-10,2127.16
2011-05-11,2089.26
2011-05-12,2106.33
2011-05-13,2076.85
2011-05-16,2045.14
2011-05-17,2038.81
2011-05-18,2071.33
2011-05-19,2075.58
2011-05-20,2060.42
2011-05-23,2023.10
2011-05-24,2013.88
2011-05-25,2040.06
2011-05-26,2064.92
2011-05-27,2078.31
2011-05-30,.
2011-05-31,2108.24
2011-06-01,2041.38
2011-06-02,2039.61
2011-06-03,2008.41
2011-06-06,1976.56
2011-06-07,1982.10
2011-06-08,1958.48
2011-06-09,1969.91
2011-06-10,1937.35
2011-06-13,1931.53
2011-06-14,1973.26
2011-06-15,1937.15
2011-06-16,1942.33
2011-06-17,1942.86
2011-06-20,1959.59
2011-06-21,2004.04
2011-06-22,1987.88
2011-06-23,1994.87
2011-06-24,1982.72
2011-06-27,2000.99
2011-06-28,2031.21
2011-06-29,2037.71
2011-06-30,2056.37
2011-07-01,2087.71
2011-07-04,.
2011-07-05,2091.65
2011-07-06,2100.61
2011-07-07,2132.63
2011-07-08,2118.86
2011-07-11,2071.56
2011-07-12,2062.18
2011-07-13,2080.10
2011-07-14,2046.15
2011-07-15,2059.73
2011-07-18,2027.90
2011-07-19,2074.25
2011-07-20,2068.57
2011-07-21,2090.75
2011-07-22,2092.13
2011-07-25,2066.24
2011-07-26,2049.91
2011-07-27,1989.52
2011-07-28,1986.57
2011-07-29,1980.82
2011-08-01,1970.43
2011-08-02,1906.20
2011-08-03,1920.55
2011-08-04,1806.29
2011-08-05,1776.03
2011-08-08,1617.81
2011-08-09,1730.13
2011-08-10,1640.79
2011-08-11,1729.46
2011-08-12,1733.48
2011-08-15,1785.99
2011-08-16,1751.50
2011-08-17,1749.69
2011-08-18,1646.51
2011-08-19,1619.64
2011-08-22,1618.74
2011-08-23,1697.61
2011-08-24,1721.20
2011-08-25,1676.11
2011-08-26,1719.28
2011-08-29,1800.95
2011-08-30,1809.46
2011-08-31,1806.29
2011-09-01,1761.85
2011-09-02,1698.32
2011-09-05,.
2011-09-06,1692.14
2011-09-07,1763.22
2011-09-08,1727.06
2011-09-09,1674.96
2011-09-12,1689.37
2011-09-13,1719.14
2011-09-14,1749.93
2011-09-15,1773.25
2011-09-16,1775.23
2011-09-19,1745.23
2011-09-20,1714.70
2011-09-21,1651.64
2011-09-22,1599.06
2011-09-23,1621.46
2011-09-26,1654.24
2011-09-27,1690.55
2011-09-28,1620.31
2011-09-29,1647.23
2011-09-30,1600.89
2011-10-03,1514.74
2011-10-04,1612.02
2011-10-05,1635.58
2011-10-06,1674.56
2011-10-07,1630.84
2011-10-10,1702.15
2011-10-11,1712.25
2011-10-12,1740.63
2011-10-13,1736.74
2011-10-14,1770.64
2011-10-17,1711.35
2011-10-18,1762.88
2011-10-19,1725.69
2011-10-20,1730.78
2011-10-21,1770.56
2011-10-24,1829.22
2011-10-25,1773.61
2011-10-26,1807.14
2011-10-27,1902.29
2011-10-28,1891.29
2011-10-31,1841.73
2011-11-01,1774.19
2011-11-02,1822.08
2011-11-03,1867.75
2011-11-04,1855.21
2011-11-07,1851.79
2011-11-08,1877.03
2011-11-09,1786.55
2011-11-10,1803.06
2011-11-11,1850.61
2011-11-14,1821.42
2011-11-15,1846.74
2011-11-16,1813.90
2011-11-17,1786.26
2011-11-18,1787.94
2011-11-21,1744.40
2011-11-22,1730.39
2011-11-23,1675.90
2011-11-24,.
2011-11-25,1655.57
2011-11-28,1734.46
2011-11-29,1730.00
2011-11-30,1832.67
2011-12-01,1816.10
2011-12-02,1826.72
2011-12-05,1856.55
2011-12-06,1855.93
2011-12-07,1854.35
2011-12-08,1796.05
2011-12-09,1852.51
2011-12-12,1822.06
2011-12-13,1784.55
2011-12-14,1760.69
2011-12-15,1779.47
2011-12-16,1794.48
2011-12-19,1760.94
2011-12-20,1834.67
2011-12-21,1840.20
2011-12-22,1852.78
2011-12-23,1858.92
2011-12-26,.
2011-12-27,1867.20
2011-12-28,1827.19
2011-12-29,1851.46
2011-12-30,1841.36
2012-01-02,.
2012-01-03,1869.60
2012-01-04,1857.17
2012-01-05,1869.62
2012-01-06,1863.21
2012-01-09,1872.67
2012-01-10,1900.60
2012-01-11,1906.78
2012-01-12,1914.86
2012-01-13,1899.23
2012-01-16,.
2012-01-17,1902.53
2012-01-18,1936.65
2012-01-19,1944.38
2012-01-20,1949.99
2012-01-23,1946.07
2012-01-24,1959.04
2012-01-25,1977.37
2012-01-26,1970.58
2012-01-27,1985.35
2012-01-30,1969.26
2012-01-31,1970.36
2012-02-01,2012.21
2012-02-02,2020.24
2012-02-03,2065.51
2012-02-06,2058.72
2012-02-07,2056.23
2012-02-08,2058.76
2012-02-09,2050.30
2012-02-10,2021.34
2012-02-13,2049.85
2012-02-14,2039.52
2012-02-15,2022.94
2012-02-16,2062.67
2012-02-17,2059.47
2012-02-20,.
2012-02-21,2045.92
2012-02-22,2029.22
2012-02-23,2060.86
2012-02-24,2055.11
2012-02-27,2054.45
2012-02-28,2047.36
2012-02-29,2015.38
2012-03-01,2026.02
2012-03-02,1994.21
2012-03-05,1997.26
2012-03-06,1956.11
2012-03-07,1978.13
2012-03-08,2003.95
2012-03-09,2030.46
2012-03-12,2023.71
2012-03-13,2065.81
2012-03-14,2046.36
2012-03-15,2066.40
2012-03-16,2063.21
2012-03-19,2082.07
2012-03-20,2060.88
2012-03-21,2062.57
2012-03-22,2041.47
2012-03-23,2062.84
2012-03-26,2102.84
2012-03-27,2087.55
2012-03-28,2073.81
2012-03-29,2068.28
2012-03-30,2063.51
2012-04-02,2089.17
2012-04-03,2074.70
2012-04-04,2038.86
2012-04-05,2033.39
2012-04-06,.
2012-04-09,1996.81
2012-04-10,1948.81
2012-04-11,1979.74
2012-04-12,2009.54
2012-04-13,1978.99
2012-04-16,1983.43
2012-04-17,2014.62
2012-04-18,1996.44
2012-04-19,1985.48
2012-04-20,1998.27
2012-04-23,1967.95
2012-04-24,1983.35
2012-04-25,2018.33
2012-04-26,2033.76
2012-04-27,2051.49
2012-04-30,2030.14
2012-05-01,2027.70
2012-05-02,2034.42
2012-05-03,2004.59
2012-05-04,1967.93
2012-05-07,1972.81
2012-05-08,1970.97
2012-05-09,1960.67
2012-05-10,1967.70
2012-05-11,1963.50
2012-05-14,1935.88
2012-05-15,1931.94
2012-05-16,1918.88
2012-05-17,1874.71
2012-05-18,1857.00
2012-05-21,1900.33
2012-05-22,1887.87
2012-05-23,1901.63
2012-05-24,1905.12
2012-05-25,1904.71
2012-05-28,.
2012-05-29,1931.45
2012-05-30,1893.77
2012-05-31,1893.32
2012-06-01,1832.68
2012-06-04,1832.23
2012-06-05,1854.21
2012-06-06,1901.64
2012-06-07,1889.64
2012-06-08,1911.63
2012-06-11,1866.44
2012-06-12,1892.60
2012-06-13,1869.85
2012-06-14,1894.61
2012-06-15,1916.92
2012-06-18,1919.94
2012-06-19,1954.47
2012-06-20,1948.56
2012-06-21,1900.81
2012-06-22,1926.46
2012-06-25,1893.50
2012-06-26,1901.26
2012-06-27,1929.16
2012-06-28,1928.27
2012-06-29,1984.44
2012-07-02,2007.94
2012-07-03,2034.14
2012-07-04,.
2012-07-05,2031.53
2012-07-06,2005.95
2012-07-09,2000.13
2012-07-10,1976.21
2012-07-11,1968.97
2012-07-12,1962.40
2012-07-13,1990.67
2012-07-16,1979.91
2012-07-17,1986.83
2012-07-18,2000.77
2012-07-19,1993.58
2012-07-20,1967.18
2012-07-23,1935.76
2012-07-24,1908.05
2012-07-25,1911.94
2012-07-26,1931.31
2012-07-27,1978.26
2012-07-30,1967.28
2012-07-31,1955.75
2012-08-01,1916.20
2012-08-02,1910.16
2012-08-03,1959.57
2012-08-06,1974.15
2012-08-07,1991.53
2012-08-08,1988.61
2012-08-09,1995.41
2012-08-10,1992.05
2012-08-13,1986.93
2012-08-14,1980.45
2012-08-15,1998.79
2012-08-16,2020.70
2012-08-17,2037.63
2012-08-20,2029.22
2012-08-21,2026.37
2012-08-22,2019.42
2012-08-23,2003.12
2012-08-24,2011.03
2012-08-27,2014.06
2012-08-28,2023.70
2012-08-29,2032.53
2012-08-30,2009.67
2012-08-31,2018.24
2012-09-03,.
2012-09-04,2043.22
2012-09-05,2040.97
2012-09-06,2082.51
2012-09-07,2093.24
2012-09-10,2086.03
2012-09-11,2092.36
2012-09-12,2100.33
2012-09-13,2127.68
2012-09-14,2148.99
2012-09-17,2134.58
2012-09-18,2129.68
2012-09-19,2127.57
2012-09-20,2116.22
2012-09-21,2126.17
2012-09-24,2116.84
2012-09-25,2085.42
2012-09-26,2072.52
2012-09-27,2096.40
2012-09-28,2081.27
2012-10-01,2088.38
2012-10-02,2088.88
2012-10-03,2084.57
2012-10-04,2099.17
2012-10-05,2094.72
2012-10-08,2083.66
2012-10-09,2057.59
2012-10-10,2054.67
2012-10-11,2062.21
2012-10-12,2045.59
2012-10-15,2058.49
2012-10-16,2076.27
2012-10-17,2093.88
2012-10-18,2080.46
2012-10-19,2040.39
2012-10-22,2039.21
2012-10-23,2028.46
2012-10-24,2022.14
2012-10-25,2030.00
2012-10-26,2021.14
2012-10-29,2021.14
2012-10-30,2021.14
2012-10-31,2034.76
2012-11-01,2057.42
2012-11-02,2023.91
2012-11-05,2036.77
2012-11-06,2052.34
2012-11-07,1999.44
2012-11-08,1972.42
2012-11-09,1975.82
2012-11-12,1972.70
2012-11-13,1960.90
2012-11-14,1921.61
2012-11-15,1912.36
2012-11-16,1929.24
2012-11-19,1970.95
2012-11-20,1972.81
2012-11-21,1984.17
2012-11-22,.
2012-11-23,2006.05
2012-11-26,2010.61
2012-11-27,2007.43
2012-11-28,2021.76
2012-11-29,2045.87
2012-11-30,2042.68
2012-12-03,2039.89
2012-12-04,2043.17
2012-12-05,2039.39
2012-12-06,2042.36
2012-12-07,2043.56
2012-12-10,2053.47
2012-12-11,2075.17
2012-12-12,2061.23
2012-12-13,2048.35
2012-12-14,2047.23
2012-12-17,2075.18
2012-12-18,2106.72
2012-12-19,2107.22
2012-12-20,2118.66
2012-12-21,2107.30
2012-12-24,2099.40
2012-12-25,.
2012-12-26,2084.84
2012-12-27,2081.15
2012-12-28,2067.97
2012-12-31,2110.85
2013-01-01,.
2013-01-02,2170.66
2013-01-03,2168.64
2013-01-04,2184.92
2013-01-07,2176.58
2013-01-08,2173.84
2013-01-09,2185.80
2013-01-10,2190.10
2013-01-11,2188.95
2013-01-14,2187.26
2013-01-15,2198.46
2013-01-16,2192.77
2013-01-17,2212.77
2013-01-18,2218.83
2013-01-21,.
2013-01-22,2234.83
2013-01-23,2228.54
2013-01-24,2237.20
2013-01-25,2249.74
2013-01-28,2253.41
2013-01-29,2254.90
2013-01-30,2229.05
2013-01-31,2241.91
2013-02-01,2264.56
2013-02-04,2234.93
2013-02-05,2257.14
2013-02-06,2264.78
2013-02-07,2256.86
2013-02-08,2270.70
2013-02-11,2269.12
2013-02-12,2280.26
2013-02-13,2287.87
2013-02-14,2295.78
2013-02-15,2294.26
2013-02-18,.
2013-02-19,2316.26
2013-02-20,2270.27
2013-02-21,2250.15
2013-02-22,2276.88
2013-02-25,2226.40
2013-02-26,2236.86
2013-02-27,2261.38
2013-02-28,2264.33
2013-03-01,2273.33
2013-03-04,2278.18
2013-03-05,2304.82
2013-03-06,2311.19
2013-03-07,2322.65
2013-03-08,2342.35
2013-03-11,2342.37
2013-03-12,2336.79
2013-03-13,2345.83
2013-03-14,2368.61
2013-03-15,2367.16
2013-03-18,2354.04
2013-03-19,2343.21
2013-03-20,2365.83
2013-03-21,2345.88
2013-03-22,2351.73
2013-03-25,2350.67
2013-03-26,2360.54
2013-03-27,2361.57
2013-03-28,2364.82
2013-03-29,.
2013-04-01,2333.12
2013-04-02,2321.97
2013-04-03,2283.23
2013-04-04,2300.50
2013-04-05,2294.58
2013-04-08,2314.98
2013-04-09,2309.64
2013-04-10,2351.28
2013-04-11,2353.66
2013-04-12,2343.23
2013-04-15,2254.57
2013-04-16,2294.63
2013-04-17,2253.63
2013-04-18,2240.49
2013-04-19,2267.79
2013-04-22,2273.51
2013-04-23,2309.70
2013-04-24,2321.51
2013-04-25,2336.84
2013-04-26,2324.34
2013-04-29,2342.18
2013-04-30,2354.68
2013-05-01,2296.97
2013-05-02,2335.77
2013-05-03,2371.97
2013-05-06,2385.35
2013-05-07,2405.27
2013-05-08,2411.70
2013-05-09,2401.39
2013-05-10,2423.52
2013-05-13,2420.11
2013-05-14,2450.35
2013-05-15,2456.77
2013-05-16,2448.82
2013-05-17,2476.00
2013-05-20,2480.23
2013-05-21,2482.21
2013-05-22,2441.15
2013-05-23,2446.19
2013-05-24,2446.17
2013-05-27,.
2013-05-28,2478.66
2013-05-29,2452.86
2013-05-30,2471.42
2013-05-31,2445.84
2013-06-03,2461.71
2013-06-04,2440.44
2013-06-05,2406.12
2013-06-06,2434.20
2013-06-07,2454.50
2013-06-10,2467.04
2013-06-11,2439.14
2013-06-12,2416.43
2013-06-13,2459.63
2013-06-14,2438.98
2013-06-17,2455.03
2013-06-18,2485.21
2013-06-19,2451.71
2013-06-20,2387.13
2013-06-21,2395.00
2013-06-24,2363.60
2013-06-25,2388.97
2013-06-26,2395.36
2013-06-27,2435.36
2013-06-28,2429.27
2013-07-01,2460.01
2013-07-02,2459.24
2013-07-03,2463.21
2013-07-04,.
2013-07-05,2498.64
2013-07-08,2508.24
2013-07-09,2530.12
2013-07-10,2536.01
2013-07-11,2567.70
2013-07-12,2576.00
2013-07-15,2592.87
2013-07-16,2581.56
2013-07-17,2590.94
2013-07-18,2610.19
2013-07-19,2610.71
2013-07-22,2617.99
2013-07-23,2614.99
2013-07-24,2594.18
2013-07-25,2619.91
2013-07-26,2605.80
2013-07-29,2586.31
2013-07-30,2593.39
2013-07-31,2597.74
2013-08-01,2634.07
2013-08-02,2634.03
2013-08-05,2641.84
2013-08-06,2614.83
2013-08-07,2595.44
2013-08-08,2608.21
2013-08-09,2605.54
2013-08-12,2618.63
2013-08-13,2614.47
2013-08-14,2604.06
2013-08-15,2553.87
2013-08-16,2545.64
2013-08-19,2518.17
2013-08-20,2556.26
2013-08-21,2538.88
2013-08-22,2575.21
2013-08-23,2580.30
2013-08-26,2580.85
2013-08-27,2518.77
2013-08-28,2526.26
2013-08-29,2552.20
2013-08-30,2512.33
2013-09-02,.
2013-09-03,2525.67
2013-09-04,2548.84
2013-09-05,2556.55
2013-09-06,2558.68
2013-09-09,2599.77
2013-09-10,2623.74
2013-09-11,2622.78
2013-09-12,2605.75
2013-09-13,2619.40
2013-09-16,2625.04
2013-09-17,2650.25
2013-09-18,2676.53
2013-09-19,2672.31
2013-09-20,2666.24
2013-09-23,2664.52
2013-09-24,2670.84
2013-09-25,2667.93
2013-09-26,2680.12
2013-09-27,2669.62
2013-09-30,2668.63
2013-10-01,2702.53
2013-10-02,2690.40
2013-10-03,2661.46
2013-10-04,2679.73
2013-10-07,2648.75
2013-10-08,2602.71
2013-10-09,2593.26
2013-10-10,2657.98
2013-10-11,2694.80
2013-10-14,2709.68
2013-10-15,2683.12
2013-10-16,2714.95
2013-10-17,2739.43
2013-10-18,2770.49
2013-10-21,2764.80
2013-10-22,2772.63
2013-10-23,2760.94
2013-10-24,2780.62
2013-10-25,2779.37
2013-10-28,2778.45
2013-10-29,2786.15
2013-10-30,2747.45
2013-10-31,2734.16
2013-11-01,2723.01
2013-11-04,2754.36
2013-11-05,2742.70
2013-11-06,2730.38
2013-11-07,2681.80
2013-11-08,2733.70
2013-11-11,2737.50
2013-11-12,2737.43
2013-11-13,2764.04
2013-11-14,2762.20
2013-11-15,2774.03
2013-11-18,2751.90
2013-11-19,2737.21
2013-11-20,2733.26
2013-11-21,2782.54
2013-11-22,2795.71
2013-11-25,2795.23
2013-11-26,2819.59
2013-11-27,2836.49
2013-11-28,.
2013-11-29,2840.37
2013-12-02,2806.14
2013-12-03,2792.88
2013-12-04,2786.91
2013-12-05,2789.62
2013-12-06,2811.77
2013-12-09,2807.94
2013-12-10,2782.71
2013-12-11,2737.50
2013-12-12,2741.91
2013-12-13,2751.30
2013-12-16,2783.12
2013-12-17,2780.73
2013-12-18,2817.58
2013-12-19,2797.04
2013-12-20,2849.27
2013-12-23,2875.97
2013-12-24,2887.37
2013-12-25,.
2013-12-26,2889.47
2013-12-27,2885.61
2013-12-30,2884.35
2013-12-31,2891.93
2014-01-01,.
2014-01-02,2859.84
2014-01-03,2873.17
2014-01-06,2850.97
2014-01-07,2877.00
2014-01-08,2876.58
2014-01-09,2878.79
2014-01-10,2894.15
2014-01-13,2853.29
2014-01-14,2891.41
2014-01-15,2911.11
2014-01-16,2915.53
2014-01-17,2903.84
2014-01-20,.
2014-01-21,2921.97
2014-01-22,2935.81
2014-01-23,2913.70
2014-01-24,2843.46
2014-01-27,2802.69
2014-01-28,2828.80
2014-01-29,2789.57
2014-01-30,2831.59
2014-01-31,2810.53
2014-02-03,2720.32
2014-02-04,2740.84
2014-02-05,2717.86
2014-02-06,2743.53
2014-02-07,2774.92
2014-02-10,2780.34
2014-02-11,2806.26
2014-02-12,2814.64
2014-02-13,2852.54
2014-02-14,2856.08
2014-02-17,.
2014-02-18,2886.58
2014-02-19,2855.72
2014-02-20,2888.15
2014-02-21,2894.40
2014-02-24,2919.06
2014-02-25,2917.55
2014-02-26,2936.87
2014-02-27,2952.34
2014-02-28,2940.12
2014-03-03,2923.55
2014-03-04,3003.80
2014-03-05,2996.99
2014-03-06,2993.60
2014-03-07,2990.54
2014-03-10,2983.63
2014-03-11,2950.11
2014-03-12,2960.85
2014-03-13,2924.50
2014-03-14,2936.11
2014-03-17,2953.05
2014-03-18,2994.83
2014-03-19,2971.52
2014-03-20,2979.74
2014-03-21,2966.73
2014-03-24,2928.21
2014-03-25,2927.75
2014-03-26,2871.67
2014-03-27,2861.62
2014-03-28,2862.54
2014-03-31,2915.29
2014-04-01,2954.22
2014-04-02,2964.43
2014-04-03,2935.38
2014-04-04,2866.44
2014-04-07,2822.69
2014-04-08,2843.71
2014-04-09,2882.80
2014-04-10,2802.52
2014-04-11,2762.20
2014-04-14,2771.94
2014-04-15,2782.23
2014-04-16,2812.73
2014-04-17,2827.97
2014-04-18,.
2014-04-21,2838.93
2014-04-22,2871.97
2014-04-23,2850.78
2014-04-24,2844.00
2014-04-25,2791.01
2014-04-28,2776.18
2014-04-29,2785.55
2014-04-30,2800.52
2014-05-01,2798.32
2014-05-02,2805.36
2014-05-05,2799.15
2014-05-06,2753.69
2014-05-07,2755.02
2014-05-08,2727.38
2014-05-09,2751.71
2014-05-12,2817.40
2014-05-13,2786.37
2014-05-14,2741.58
2014-05-15,2723.80
2014-05-16,2741.00
2014-05-19,2769.64
2014-05-20,2728.55
2014-05-21,2742.80
2014-05-22,2768.25
2014-05-23,2798.86
2014-05-26,.
2014-05-27,2838.66
2014-05-28,2824.93
2014-05-29,2833.36
2014-05-30,2819.52
2014-06-02,2805.59
2014-06-03,2798.76
2014-06-04,2811.35
2014-06-05,2867.83
2014-06-06,2895.83
2014-06-09,2922.35
2014-06-10,2914.49
2014-06-11,2899.56
2014-06-12,2881.40
2014-06-13,2889.56
2014-06-16,2899.84
2014-06-17,2924.19
2014-06-18,2940.37
2014-06-19,2942.62
2014-06-20,2953.54
2014-06-23,2944.90
2014-06-24,2915.81
2014-06-25,2939.26
2014-06-26,2934.36
2014-06-27,2956.22
2014-06-30,2964.82
2014-07-01,2997.08
2014-07-02,2981.07
2014-07-03,3002.56
2014-07-04,.
2014-07-07,2949.35
2014-07-08,2913.08
2014-07-09,2917.21
2014-07-10,2887.52
2014-07-11,2882.72
2014-07-14,2896.86
2014-07-15,2867.51
2014-07-16,2861.88
2014-07-17,2817.29
2014-07-18,2862.04
2014-07-21,2849.73
2014-07-22,2873.34
2014-07-23,2878.20
2014-07-24,2873.60
2014-07-25,2844.92
2014-07-28,2831.95
2014-07-29,2837.27
2014-07-30,2849.51
2014-07-31,2783.65
2014-08-01,2770.70
2014-08-04,2795.46
2014-08-05,2787.37
2014-08-06,2797.28
2014-08-07,2782.88
2014-08-08,2811.69
2014-08-11,2837.97
2014-08-12,2815.87
2014-08-13,2837.61
2014-08-14,2841.50
2014-08-15,2837.28
2014-08-18,2878.93
2014-08-19,2889.02
2014-08-20,2876.71
2014-08-21,2882.96
2014-08-22,2883.75
2014-08-25,2895.87
2014-08-26,2920.59
2014-08-27,2914.49
2014-08-28,2897.67
2014-08-29,2918.56
2014-09-01,.
2014-09-02,2931.29
2014-09-03,2913.21
2014-09-04,2900.82
2014-09-05,2908.07
2014-09-08,2913.50
2014-09-09,2879.16
2014-09-10,2895.29
2014-09-11,2913.57
2014-09-12,2884.40
2014-09-15,2849.39
2014-09-16,2860.45
2014-09-17,2867.71
2014-09-18,2881.09
2014-09-19,2850.38
2014-09-22,2806.75
2014-09-23,2780.29
2014-09-24,2804.14
2014-09-25,2759.23
2014-09-26,2781.82
2014-09-29,2778.28
2014-09-30,2737.94
2014-10-01,2697.52
2014-10-02,2724.78
2014-10-03,2745.57
2014-10-06,2720.47
2014-10-07,2674.90
2014-10-08,2726.63
2014-10-09,2654.23
2014-10-10,2617.78
2014-10-13,2607.78
2014-10-14,2638.34
2014-10-15,2665.30
2014-10-16,2698.60
2014-10-17,2689.85
2014-10-20,2721.27
2014-10-21,2765.71
2014-10-22,2726.00
2014-10-23,2774.75
2014-10-24,2780.56
2014-10-27,2777.21
2014-10-28,2856.68
2014-10-29,2849.02
2014-10-30,2872.38
2014-10-31,2916.47
2014-11-03,2908.25
2014-11-04,2896.35
2014-11-05,2900.46
2014-11-06,2912.36
2014-11-07,2915.99
2014-11-10,2931.52
2014-11-11,2932.49
2014-11-12,2948.67
2014-11-13,2921.20
2014-11-14,2917.20
2014-11-17,2893.42
2014-11-18,2908.45
2014-11-19,2877.14
2014-11-20,2909.61
2014-11-21,2913.75
2014-11-24,2949.84
2014-11-25,2948.33
2014-11-26,2959.00
2014-11-27,.
2014-11-28,2915.77
2014-12-01,2868.11
2014-12-02,2903.90
2014-12-03,2930.13
2014-12-04,2915.22
2014-12-05,2938.64
2014-12-08,2900.81
2014-12-09,2952.62
2014-12-10,2887.53
2014-12-11,2900.18
2014-12-12,2864.12
2014-12-15,2833.92
2014-12-16,2831.64
2014-12-17,2919.75
2014-12-18,2962.81
2014-12-19,2972.21
2014-12-22,2986.93
2014-12-23,2988.36
2014-12-24,2999.17
2014-12-25,.
2014-12-26,3020.10
2014-12-29,3029.79
2014-12-30,3014.75
2014-12-31,2993.97
2015-01-01,.
2015-01-02,2979.32
2015-01-05,2935.94
2015-01-06,2886.15
2015-01-07,2922.58
2015-01-08,2972.66
2015-01-09,2946.70
2015-01-12,2932.83
2015-01-13,2934.18
2015-01-14,2925.29
2015-01-15,2869.74
2015-01-16,2924.28
2015-01-19,.
2015-01-20,2908.37
2015-01-21,2898.43
2015-01-22,2958.37
2015-01-23,2954.79
2015-01-26,2984.14
2015-01-27,2969.03
2015-01-28,2920.46
2015-01-29,2957.90
2015-01-30,2896.29
2015-02-02,2921.45
2015-02-03,2974.82
2015-02-04,2961.03
2015-02-05,3003.94
2015-02-06,2995.88
2015-02-09,2971.93
2015-02-10,2990.20
2015-02-11,2986.17
2015-02-12,3022.73
2015-02-13,3039.79
2015-02-16,.
2015-02-17,3044.47
2015-02-18,3051.78
2015-02-19,3051.67
2015-02-20,3061.31
2015-02-23,3061.41
2015-02-24,3066.74
2015-02-25,3069.54
2015-02-26,3079.51
2015-02-27,3065.23
2015-03-02,3088.22
2015-03-03,3068.70
2015-03-04,3058.67
2015-03-05,3067.58
2015-03-06,3025.83
2015-03-09,3040.92
2015-03-10,3003.36
2015-03-11,3021.51
2015-03-12,3073.36
2015-03-13,3062.17
2015-03-16,3081.16
2015-03-17,3087.24
2015-03-18,3111.88
2015-03-19,3118.65
2015-03-20,3147.26
2015-03-23,3143.13
2015-03-24,3140.02
2015-03-25,3066.44
2015-03-26,3061.80
2015-03-27,3082.73
2015-03-30,3125.96
2015-03-31,3113.45
2015-04-01,3110.81
2015-04-02,3120.62
2015-04-03,.
2015-04-06,3132.76
2015-04-07,3114.91
2015-04-08,3138.15
2015-04-09,3129.20
2015-04-10,3143.28
2015-04-13,3145.31
2015-04-14,3144.72
2015-04-15,3169.57
2015-04-16,3163.47
2015-04-17,3111.18
2015-04-20,3143.64
2015-04-21,3141.73
2015-04-22,3145.04
2015-04-23,3160.09
2015-04-24,3150.14
2015-04-27,3113.28
2015-04-28,3129.82
2015-04-29,3099.00
2015-04-30,3032.32
2015-05-01,3052.15
2015-05-04,3064.85
2015-05-05,3020.62
2015-05-06,3030.41
2015-05-07,3045.78
2015-05-08,3069.11
2015-05-11,3071.35
2015-05-12,3064.64
2015-05-13,3062.51
2015-05-14,3094.40
2015-05-15,3091.52
2015-05-18,3125.26
2015-05-19,3120.63
2015-05-20,3125.79
2015-05-21,3123.31
2015-05-22,3112.09
2015-05-25,.
2015-05-26,3078.62
2015-05-27,3117.39
2015-05-28,3114.26
2015-05-29,3097.95
2015-06-01,3105.61
2015-06-02,3111.03
2015-06-03,3142.80
2015-06-04,3109.76
2015-06-05,3133.92
2015-06-08,3115.76
2015-06-09,3105.71
2015-06-10,3148.63
2015-06-11,3153.59
2015-06-12,3143.90
2015-06-15,3134.00
2015-06-16,3155.10
2015-06-17,3152.12
2015-06-18,3192.74
2015-06-19,3192.71
2015-06-22,3211.92
2015-06-23,3220.39
2015-06-24,3190.86
2015-06-25,3189.28
2015-06-26,3180.61
2015-06-29,3098.50
2015-06-30,3116.37
2015-07-01,3122.46
2015-07-02,3102.24
2015-07-03,.
2015-07-06,3099.01
2015-07-07,3101.72
2015-07-08,3054.29
2015-07-09,3067.18
2015-07-10,3111.59
2015-07-13,3144.71
2015-07-14,3164.54
2015-07-15,3142.65
2015-07-16,3163.31
2015-07-17,3149.04
2015-07-20,3131.98
2015-07-21,3117.93
2015-07-22,3127.32
2015-07-23,3094.07
2015-07-24,3046.90
2015-07-27,3018.62
2015-07-28,3043.44
2015-07-29,3055.86
2015-07-30,3062.01
2015-07-31,3078.43
2015-08-03,3061.31
2015-08-04,3053.99
2015-08-05,3061.22
2015-08-06,3021.68
2015-08-07,2999.45
2015-08-10,3038.65
2015-08-11,3009.98
2015-08-12,3004.62
2015-08-13,2994.08
2015-08-14,3013.84
2015-08-17,3044.66
2015-08-18,3019.30
2015-08-19,2989.71
2015-08-20,2914.02
2015-08-21,2874.91
2015-08-24,2762.83
2015-08-25,2743.96
2015-08-26,2813.77
2015-08-27,2867.01
2015-08-28,2890.13
2015-08-31,2881.54
2015-09-01,2803.49
2015-09-02,2848.17
2015-09-03,2845.99
2015-09-04,2823.66
2015-09-07,.
2015-09-08,2887.27
2015-09-09,2853.63
2015-09-10,2865.57
2015-09-11,2877.40
2015-09-14,2866.74
2015-09-15,2897.79
2015-09-16,2920.67
2015-09-17,2934.32
2015-09-18,2891.21
2015-09-21,2885.59
2015-09-22,2840.72
2015-09-23,2833.32
2015-09-24,2827.06
2015-09-25,2790.41
2015-09-28,2710.34
2015-09-29,2693.78
2015-09-30,2735.49
2015-10-01,2727.69
2015-10-02,2768.87
2015-10-05,2837.26
2015-10-06,2817.51
2015-10-07,2864.51
2015-10-08,2890.95
2015-10-09,2896.20
2015-10-12,2893.84
2015-10-13,2852.67
2015-10-14,2825.66
2015-10-15,2889.78
2015-10-16,2888.63
2015-10-19,2893.57
2015-10-20,2891.02
2015-10-21,2845.49
2015-10-22,2869.28
2015-10-23,2897.95
2015-10-26,2881.65
2015-10-27,2846.34
2015-10-28,2929.41
2015-10-29,2896.87
2015-10-30,2887.52
2015-11-02,2947.73
2015-11-03,2961.37
2015-11-04,2958.41
2015-11-05,2959.16
2015-11-06,2981.67
2015-11-09,2943.61
2015-11-10,2951.73
2015-11-11,2927.80
2015-11-12,2869.99
2015-11-13,2849.46
2015-11-16,2873.16
2015-11-17,2866.02
2015-11-18,2912.09
2015-11-19,2899.61
2015-11-20,2920.55
2015-11-23,2933.49
2015-11-24,2954.50
2015-11-25,2977.37
2015-11-26,.
2015-11-27,2988.20
2015-11-30,2977.61
2015-12-01,2992.64
2015-12-02,2961.64
2015-12-03,2909.15
2015-12-04,2941.04
2015-12-07,2893.57
2015-12-08,2881.39
2015-12-09,2847.78
2015-12-10,2855.61
2015-12-11,2792.45
2015-12-14,2773.19
2015-12-15,2812.19
2015-12-16,2855.49
2015-12-17,2821.66
2015-12-18,2786.02
2015-12-21,2802.72
2015-12-22,2827.44
2015-12-23,2865.04
2015-12-24,2869.86
2015-12-25,.
2015-12-28,2853.60
2015-12-29,2884.19
2015-12-30,2857.15
2015-12-31,2822.97
2016-01-01,.
2016-01-04,2755.21
2016-01-05,2759.72
2016-01-06,2719.78
2016-01-07,2645.71
2016-01-08,2600.08
2016-01-11,2589.37
2016-01-12,2596.34
2016-01-13,2510.57
2016-01-14,2549.04
2016-01-15,2504.45
2016-01-18,.
2016-01-19,2472.50
2016-01-20,2483.55
2016-01-21,2478.65
2016-01-22,2536.60
2016-01-25,2478.72
2016-01-26,2529.92
2016-01-27,2492.08
2016-01-28,2493.39
2016-01-29,2573.18
2016-02-01,2565.74
2016-02-02,2507.21
2016-02-03,2510.84
2016-02-04,2522.01
2016-02-05,2449.51
2016-02-08,2409.05
2016-02-09,2395.52
2016-02-10,2394.49
2016-02-11,2370.22
2016-02-12,2415.64
2016-02-15,.
2016-02-16,2474.82
2016-02-17,2512.92
2016-02-18,2496.95
2016-02-19,2510.13
2016-02-22,2539.27
2016-02-23,2515.45
2016-02-24,2540.12
2016-02-25,2563.73
2016-02-26,2577.66
2016-02-29,2569.51
2016-03-01,2620.68
2016-03-02,2648.47
2016-03-03,2674.25
2016-03-04,2688.88
2016-03-07,2719.23
2016-03-08,2653.95
2016-03-09,2666.09
2016-03-10,2644.28
2016-03-11,2702.85
2016-03-14,2694.63
2016-03-15,2650.93
2016-03-16,2670.43
2016-03-17,2712.04
2016-03-18,2737.93
2016-03-21,2730.24
2016-03-22,2727.16
2016-03-23,2673.38
2016-03-24,2682.92
2016-03-25,.
2016-03-28,2684.65
2016-03-29,2756.35
2016-03-30,2759.73
2016-03-31,2768.64
2016-04-01,2777.73
2016-04-04,2755.00
2016-04-05,2723.47
2016-04-06,2755.68
2016-04-07,2715.85
2016-04-08,2727.10
2016-04-11,2719.72
2016-04-12,2747.98
2016-04-13,2808.15
2016-04-14,2804.83
2016-04-15,2810.63
2016-04-18,2831.39
2016-04-19,2833.77
2016-04-20,2838.89
2016-04-21,2822.68
2016-04-22,2849.81
2016-04-25,2828.46
2016-04-26,2859.85
2016-04-27,2868.35
2016-04-28,2834.18
2016-04-29,2810.43
2016-05-02,2835.47
2016-05-03,2787.85
2016-05-04,2766.42
2016-05-05,2753.53
2016-05-06,2770.36
2016-05-09,2779.14
2016-05-10,2805.43
2016-05-11,2770.41
2016-05-12,2755.15
2016-05-13,2739.84
2016-05-16,2774.07
2016-05-17,2728.00
2016-05-18,2741.10
2016-05-19,2720.80
2016-05-20,2764.28
2016-05-23,2762.03
2016-05-24,2821.52
2016-05-25,2835.73
2016-05-26,2832.58
2016-05-27,2859.16
2016-05-30,.
2016-05-31,2869.95
2016-06-01,2890.45
2016-06-02,2909.20
2016-06-03,2893.17
2016-06-06,2924.82
2016-06-07,2932.53
2016-06-08,2954.85
2016-06-09,2935.58
2016-06-10,2892.66
2016-06-13,2859.78
2016-06-14,2852.63
2016-06-15,2856.31
2016-06-16,2853.54
2016-06-17,2844.86
2016-06-20,2877.18
2016-06-21,2867.66
2016-06-22,2855.48
2016-06-23,2913.27
2016-06-24,2802.22
2016-06-27,2708.04
2016-06-28,2751.91
2016-06-29,2812.35
2016-06-30,2862.82
2016-07-01,2874.86
2016-07-04,.
2016-07-05,2831.83
2016-07-06,2851.41
2016-07-07,2857.43
2016-07-08,2926.04
2016-07-11,2957.53
2016-07-12,2996.94
2016-07-13,2985.19
2016-07-14,2987.70
2016-07-15,2995.50
2016-07-18,3001.95
2016-07-19,2983.41
2016-07-20,3006.52
2016-07-21,2991.89
2016-07-22,3014.34
2016-07-25,3006.71
2016-07-26,3024.20
2016-07-27,3029.34
2016-07-28,3025.36
2016-07-29,3031.86
2016-08-01,3029.83
2016-08-02,2988.14
2016-08-03,3013.93
2016-08-04,3016.50
2016-08-05,3060.09
2016-08-08,3057.91
2016-08-09,3061.20
2016-08-10,3040.15
2016-08-11,3054.66
2016-08-12,3056.41
2016-08-15,3086.34
2016-08-16,3059.67
2016-08-17,3051.10
2016-08-18,3073.88
2016-08-19,3073.68
2016-08-22,3081.08
2016-08-23,3103.04
2016-08-24,3074.88
2016-08-25,3081.72
2016-08-26,3076.82
2016-08-29,3094.00
2016-08-30,3096.70
2016-08-31,3081.48
2016-09-01,3081.22
2016-09-02,3111.12
2016-09-05,.
2016-09-06,3114.94
2016-09-07,3133.92
2016-09-08,3127.34
2016-09-09,3030.04
2016-09-12,3071.45
2016-09-13,3012.92
2016-09-14,3011.11
2016-09-15,3049.46
2016-09-16,3043.88
2016-09-19,3063.14
2016-09-20,3052.71
2016-09-21,3094.24
2016-09-22,3139.96
2016-09-23,3118.05
2016-09-26,3084.04
2016-09-27,3097.57
2016-09-28,3120.65
2016-09-29,3076.12
2016-09-30,3110.66
2016-10-03,3096.09
2016-10-04,3081.16
2016-10-05,3102.52
2016-10-06,3097.22
2016-10-07,3073.16
2016-10-10,3108.46
2016-10-11,3050.95
2016-10-12,3049.97
2016-10-13,3021.44
2016-10-14,3013.14
2016-10-17,3007.49
2016-10-18,3025.30
2016-10-19,3038.57
2016-10-20,3031.48
2016-10-21,3027.27
2016-10-24,3048.03
2016-10-25,3022.32
2016-10-26,2994.11
2016-10-27,2957.32
2016-10-28,2951.52
2016-10-31,2960.90
2016-11-01,2927.49
2016-11-02,2889.17
2016-11-03,2875.15
2016-11-04,2891.44
2016-11-07,2963.05
2016-11-08,2970.23
2016-11-09,3062.23
2016-11-10,3110.56
2016-11-11,3187.07
2016-11-14,3227.34
2016-11-15,3236.16
2016-11-16,3236.30
2016-11-17,3254.40
2016-11-18,3269.70
2016-11-21,3286.09
2016-11-22,3316.17
2016-11-23,3335.44
2016-11-24,.
2016-11-25,3348.14
2016-11-28,3304.96
2016-11-29,3300.96
2016-11-30,3286.35
2016-12-01,3265.13
2016-12-02,3266.25
2016-12-05,3324.74
2016-12-06,3361.72
2016-12-07,3391.14
2016-12-08,3445.47
2016-12-09,3449.71
2016-12-12,3412.60
2016-12-13,3413.58
2016-12-14,3370.06
2016-12-15,3395.88
2016-12-16,3390.35
2016-12-19,3408.98
2016-12-20,3439.48
2016-12-21,3417.70
2016-12-22,3386.55
2016-12-23,3408.55
2016-12-26,.
2016-12-27,3423.95
2016-12-28,3381.99
2016-12-29,3387.84
2016-12-30,3372.81
2017-01-02,.
2017-01-03,3393.59
2017-01-04,3449.42
2017-01-05,3409.61
2017-01-06,3398.04
2017-01-09,3373.71
2017-01-10,3407.04
2017-01-11,3413.00
2017-01-12,3382.59
2017-01-13,3409.88
2017-01-16,.
2017-01-17,3360.86
2017-01-18,3376.35
2017-01-19,3344.51
2017-01-20,3359.68
2017-01-23,3349.71
2017-01-24,3402.83
2017-01-25,3435.70
2017-01-26,3418.70
2017-01-27,3406.55
2017-01-30,3360.89
2017-01-31,3384.47
2017-02-01,3382.99
2017-02-02,3373.56
2017-02-03,3424.27
2017-02-06,3396.49
2017-02-07,3382.58
2017-02-08,3376.80
2017-02-09,3425.99
2017-02-10,3451.63
2017-02-13,3460.41
2017-02-14,3471.03
2017-02-15,3489.81
2017-02-16,3477.20
2017-02-17,3479.01
2017-02-20,.
2017-02-21,3505.06
2017-02-22,3488.93
2017-02-23,3465.99
2017-02-24,3465.75
2017-02-27,3499.16
2017-02-28,3446.26
2017-03-01,3513.24
2017-03-02,3468.59
2017-03-03,3464.76
2017-03-06,3440.20
2017-03-07,3416.91
2017-03-08,3394.95
2017-03-09,3380.24
2017-03-10,3393.03
2017-03-13,3405.50
2017-03-14,3385.85
2017-03-15,3436.68
2017-03-16,3444.63
2017-03-17,3458.29
2017-03-20,3439.83
2017-03-21,3346.51
2017-03-22,3344.15
2017-03-23,3363.60
2017-03-24,3366.63
2017-03-27,3373.29
2017-03-28,3397.99
2017-03-29,3408.88
2017-03-30,3435.48
2017-03-31,3444.36
2017-04-03,3403.97
2017-04-04,3400.26
2017-04-05,3360.41
2017-04-06,3390.94
2017-04-07,3391.28
2017-04-10,3397.55
2017-04-11,3422.06
2017-04-12,3377.95
2017-04-13,3343.27
2017-04-14,.
2017-04-17,3382.87
2017-04-18,3384.65
2017-04-19,3397.67
2017-04-20,3439.96
2017-04-21,3429.28
2017-04-24,3474.24
2017-04-25,3506.88
2017-04-26,3527.64
2017-04-27,3521.92
2017-04-28,3480.42
2017-05-01,3497.65
2017-05-02,3477.77
2017-05-03,3456.79
2017-05-04,3451.63
2017-05-05,3471.88
2017-05-08,3458.57
2017-05-09,3459.13
2017-05-10,3478.33
2017-05-11,3454.99
2017-05-12,3436.53
2017-05-15,3464.25
2017-05-16,3466.14
2017-05-17,3369.73
2017-05-18,3382.62
2017-05-19,3398.16
2017-05-22,3422.54
2017-05-23,3432.09
2017-05-24,3435.88
2017-05-25,3438.07
2017-05-26,3435.22
2017-05-29,.
2017-05-30,3407.76
2017-05-31,3405.31
2017-06-01,3469.56
2017-06-02,3492.74
2017-06-05,3470.53
2017-06-06,3466.67
2017-06-07,3471.09
2017-06-08,3518.15
2017-06-09,3533.30
2017-06-12,3527.10
2017-06-13,3543.93
2017-06-14,3523.03
2017-06-15,3504.41
2017-06-16,3496.07
2017-06-19,3524.29
2017-06-20,3486.73
2017-06-21,3477.50
2017-06-22,3490.63
2017-06-23,3516.08
2017-06-26,3520.71
2017-06-27,3488.11
2017-06-28,3542.15
2017-06-29,3519.61
2017-06-30,3517.52
2017-07-03,3545.66
2017-07-04,.
2017-07-05,3529.42
2017-07-06,3481.38
2017-07-07,3518.71
2017-07-10,3500.41
2017-07-11,3511.80
2017-07-12,3539.80
2017-07-13,3543.13
2017-07-14,3550.97
2017-07-17,3557.89
2017-07-18,3547.98
2017-07-19,3583.16
2017-07-20,3584.61
2017-07-21,3568.42
2017-07-24,3573.93
2017-07-25,3604.58
2017-07-26,3584.43
2017-07-27,3562.92
2017-07-28,3552.07
2017-07-31,3541.84
2017-08-01,3549.76
2017-08-02,3511.42
2017-08-03,3492.35
2017-08-04,3509.97
2017-08-07,3514.56
2017-08-08,3504.58
2017-08-09,3471.77
2017-08-10,3411.12
2017-08-11,3415.31
2017-08-14,3465.21
2017-08-15,3437.69
2017-08-16,3438.43
2017-08-17,3377.31
2017-08-18,3374.46
2017-08-21,3372.25
2017-08-22,3408.61
2017-08-23,3404.15
2017-08-24,3414.43
2017-08-25,3423.32
2017-08-28,3435.19
2017-08-29,3438.80
2017-08-30,3457.79
2017-08-31,3492.47
2017-09-01,3513.08
2017-09-04,.
2017-09-05,3478.50
2017-09-06,3484.81
2017-09-07,3476.06
2017-09-08,3477.93
2017-09-11,3516.20
2017-09-12,3537.67
2017-09-13,3546.19
2017-09-14,3541.54
2017-09-15,3558.16
2017-09-18,3581.45
2017-09-19,3579.77
2017-09-20,3592.23
2017-09-21,3589.16
2017-09-22,3605.56
2017-09-25,3608.48
2017-09-26,3620.67
2017-09-27,3690.13
2017-09-28,3700.01
2017-09-29,3705.17
2017-10-02,3751.42
2017-10-03,3757.62
2017-10-04,3747.18
2017-10-05,3757.92
2017-10-06,3753.27
2017-10-09,3736.73
2017-10-10,3747.77
2017-10-11,3745.09
2017-10-12,3740.71
2017-10-13,3734.48
2017-10-16,3734.54
2017-10-17,3721.66
2017-10-18,3740.66
2017-10-19,3732.96
2017-10-20,3750.86
2017-10-23,3721.65
2017-10-24,3728.92
2017-10-25,3711.67
2017-10-26,3721.56
2017-10-27,3748.55
2017-10-30,3705.26
2017-10-31,3734.77
2017-11-01,3709.93
2017-11-02,3719.30
2017-11-03,3715.23
2017-11-06,3722.81
2017-11-07,3675.91
2017-11-08,3682.48
2017-11-09,3665.79
2017-11-10,3666.43
2017-11-13,3665.92
2017-11-14,3656.45
2017-11-15,3638.64
2017-11-16,3695.27
2017-11-17,3710.04
2017-11-20,3736.32
2017-11-21,3774.82
2017-11-22,3769.53
2017-11-23,.
2017-11-24,3775.50
2017-11-27,3760.95
2017-11-28,3818.42
2017-11-29,3833.00
2017-11-30,3837.58
2017-12-01,3819.89
2017-12-04,3808.43
2017-12-05,3769.53
2017-12-06,3749.95
2017-12-07,3778.75
2017-12-08,3781.87
2017-12-11,3777.19
2017-12-12,3767.93
2017-12-13,3788.63
2017-12-14,3745.15
2017-12-15,3803.49
2017-12-18,3849.47
2017-12-19,3819.21
2017-12-20,3827.48
2017-12-21,3844.95
2017-12-22,3834.56
2017-12-25,.
2017-12-26,3837.79
2017-12-27,3837.07
2017-12-28,3849.47
2017-12-29,3816.13
2018-01-01,.
2018-01-02,3852.17
2018-01-03,3858.54
2018-01-04,3866.37
2018-01-05,3877.02
2018-01-08,3881.49
2018-01-09,3877.24
2018-01-10,3876.50
2018-01-11,3943.57
2018-01-12,3956.45
2018-01-15,.
2018-01-16,3909.23
2018-01-17,3943.25
2018-01-18,3918.57
2018-01-19,3970.51
2018-01-22,3989.24
2018-01-23,4003.01
2018-01-24,3975.44
2018-01-25,3980.55
2018-01-26,3996.43
2018-01-29,3971.70
2018-01-30,3933.70
2018-01-31,3914.23
2018-02-01,3926.36
2018-02-02,3845.36
2018-02-05,3705.73
2018-02-06,3745.69
2018-02-07,3747.68
2018-02-08,3637.90
2018-02-09,3672.80
2018-02-12,3705.46
2018-02-13,3715.33
2018-02-14,3782.79
2018-02-15,3820.32
2018-02-16,3836.11
2018-02-19,.
2018-02-20,3802.42
2018-02-21,3807.00
2018-02-22,3802.40
2018-02-23,3850.12
2018-02-26,3875.33
2018-02-27,3818.53
